image_path,Sampling_Date,State,Species,Pre_GSHH_NDVI,Height_Ave_cm,Dry_Clover_g,Dry_Dead_g,Dry_Green_g,Dry_Total_g,GDM_g,log_Dry_Green_g,log_Dry_Dead_g,log_Dry_Clover_g,log_GDM_g,log_Dry_Total_g,Month,month_sin,month_cos,State_encoded,Species_encoded
train/ID1011485656.jpg,2015-09-04,Tas,Ryegrass_Clover,-0.24631872942557206,-0.28520387814048165,0.0,31.9984,16.2751,48.2735,16.275,2.8492661583489904,3.496459075442567,0.0,2.8492603696537335,3.8973864111751304,9,-1.0,-1.8369701987210297e-16,1,11
train/ID1012260530.jpg,2015-04-01,NSW,Lucerne,-0.7070601252597818,0.8182396697025538,0.0,0.0,7.6,7.6,7.6,2.151762203259462,0.0,0.0,2.151762203259462,2.151762203259462,4,0.8660254037844387,-0.4999999999999998,0,3
train/ID1025234388.jpg,2015-09-01,WA,SubcloverDalkeith,-1.8260035151428635,-0.6422046155140673,6.05,0.0,0.0,6.05,6.05,0.0,0.0,1.9530276168241774,1.9530276168241774,1.9530276168241774,9,-1.0,-1.8369701987210297e-16,3,12
train/ID1028611175.jpg,2015-05-18,Tas,Ryegrass,0.01696206819397675,-0.2527528061229683,0.0,30.9703,24.2376,55.2079,24.2376,3.2283349459887085,3.4648073468250327,0.0,3.2283349459887085,4.029057316415711,5,0.49999999999999994,-0.8660254037844387,1,10
train/ID1035947949.jpg,2015-09-11,Tas,Ryegrass,-0.7728803246646689,-0.3987972346446304,0.4343,23.2239,10.5261,34.1844,10.9605,2.4446140290136245,3.187339749109133,0.36067692531803036,2.4816095536687053,3.5606028025517826,9,-1.0,-1.8369701987210297e-16,1,10
train/ID1036339023.jpg,2015-09-30,Vic,Phalaris_Clover,1.0700852586721705,-0.0580269014274188,23.0755,2.6135,32.191,57.88,55.2665,3.5022787548350927,1.2846768317408988,3.1811947259005118,4.030099331404052,4.075501474420621,9,-1.0,-1.8369701987210297e-16,2,7
train/ID1049634115.jpg,2015-07-02,Vic,Ryegrass_Clover,0.4118832646232993,-0.5448416631662925,1.5083,3.0167,13.575,18.1,15.0833,2.679307732236556,1.3904606699893065,0.9196052328419848,2.7777814665758775,2.9496883350525844,7,-0.4999999999999997,-0.8660254037844388,2,11
train/ID1051144034.jpg,2015-09-01,WA,SubcloverLosa,0.9384448598623969,-0.6422046155140673,55.32,0.0,0.0,55.32,55.32,0.0,0.0,4.0310497118497866,4.0310497118497866,4.0310497118497866,9,-1.0,-1.8369701987210297e-16,3,13
train/ID1052620238.jpg,2015-05-18,Tas,Ryegrass,0.14860246700375115,-0.2527528061229683,0.0,11.2291,20.1707,31.3998,20.1707,3.052618150259068,2.5038183574573054,0.0,3.052618150259068,3.4781522499397255,5,0.49999999999999994,-0.8660254037844387,1,10
train/ID105271783.jpg,2015-06-30,Vic,Phalaris_Clover,1.3333660562917193,-0.350115758470743,5.2698,8.5635,27.6667,41.5,32.9365,3.35573617037542,2.2579537688484517,1.835744456209445,3.5244911313300067,3.7495040759303713,6,1.2246467991473532e-16,-1.0,2,7
train/ID1053972079.jpg,2015-09-04,Tas,Clover,-0.6412399258548945,-0.49616018699240516,21.0801,7.9393,1.3688,30.3882,22.4489,0.8623834978052445,2.1904572863435487,3.094676750384146,3.154823585476494,3.4464320261067845,9,-1.0,-1.8369701987210297e-16,1,0
train/ID1058383417.jpg,2015-05-19,Tas,Ryegrass_Clover,-0.24631872942557206,-0.5448416631662925,0.1,9.5,13.1,22.7,13.2,2.6461747973841225,2.3513752571634776,0.09531017980432487,2.653241964607215,3.1654750481410856,5,0.49999999999999994,-0.8660254037844387,1,11
train/ID1062837331.jpg,2015-09-29,Vic,Ryegrass_Clover,1.0700852586721705,0.1366990032681307,19.98,3.9623,35.4077,59.35,55.3877,3.594780290733128,1.6018693429341482,3.043569602968151,4.032251049613615,4.10016094754354,9,-1.0,-1.8369701987210297e-16,2,11
train/ID1070112260.jpg,2015-01-15,NSW,Fescue_CrumbWeed,-0.3779591282353465,-0.15538985377519354,0.0,9.8765,22.1235,32.0,22.1235,3.1408494164298078,2.3866044984976202,0.0,3.1408494164298078,3.4965075614664802,1,0.49999999999999994,0.8660254037844387,0,2
train/ID1078930021.jpg,2015-06-26,Vic,Phalaris_Ryegrass_Clover,1.3333660562917193,-0.2527528061229683,0.0,5.0189,32.9811,38.0,32.9811,3.5258044877033443,1.794904518372128,0.0,3.5258044877033443,3.6635616461296463,6,1.2246467991473532e-16,-1.0,2,9
train/ID1084819986.jpg,2015-09-04,Tas,Clover,0.21442266640863764,-0.43124830666214375,21.4551,13.0742,2.6819,37.2112,24.137,1.3034289232894352,2.6443433340444957,3.111517759880932,3.224340864299259,3.6431286663569282,9,-1.0,-1.8369701987210297e-16,1,0
train/ID1088965591.jpg,2015-04-01,NSW,Lucerne,1.530826654506381,3.4470393830924717,0.0,0.3443,59.5557,59.9,59.5557,4.103563602645281,0.29587343147807,0.0,4.103563602645281,4.109233174715851,4,0.8660254037844387,-0.4999999999999998,0,3
train/ID1098771283.jpg,2015-11-09,Tas,Clover,-1.1678015210939923,-0.4799297828360311,8.376,15.1673,0.4528,23.9961,8.8287,0.37349272886489177,2.7829906837657292,2.238153232834657,2.285306677193773,3.218719812698935,11,-0.5000000000000004,0.8660254037844384,1,0
train/ID1103883611.jpg,2015-02-24,NSW,Phalaris,-1.1678015210939923,1.7918691931803012,0.0,12.9166,82.7834,95.7,82.7834,4.42823489717336,2.633082372198119,0.0,4.42823489717336,4.571613402459248,2,0.8660254037844386,0.5000000000000001,0,5
train/ID1108283583.jpg,2015-08-19,Vic,Phalaris_Ryegrass_Clover,1.1359054580770578,-0.20407132994908092,5.773,7.2162,40.4108,53.4,46.1838,3.7235417163759377,2.106107815075839,1.9129441202327666,3.8540506133389454,3.996364153861897,8,-0.8660254037844384,-0.5000000000000004,2,9
train/ID1113121340.jpg,2015-09-30,Vic,Phalaris_Clover,0.9384448598623969,0.8182396697025538,0.2931,11.6271,82.6598,94.58,82.9529,4.426758575382459,2.535845297962683,0.2570424363196689,4.430255927298557,4.559963593150012,9,-1.0,-1.8369701987210297e-16,2,7
train/ID1113329413.jpg,2015-06-29,Tas,WhiteClover,0.4118832646232993,-0.44747871081851776,20.6523,21.1112,1.3768,43.1403,22.0291,0.8657550451662609,3.0960842674806948,3.0751116843717208,3.1367586336074,3.787373197361905,6,1.2246467991473532e-16,-1.0,1,14
train/ID1119739385.jpg,2015-05-18,Tas,Ryegrass,-2.4842055091917348,-0.350115758470743,0.0,3.0,6.8,9.8,6.8,2.0541237336955462,1.3862943611198906,0.0,2.0541237336955462,2.379546134130174,5,0.49999999999999994,-0.8660254037844387,1,10
train/ID1119761112.jpg,2015-05-07,NSW,Fescue,-1.5627227175233152,-0.350115758470743,0.0,32.4486,22.9514,55.4,22.9514,3.176026777263313,3.5100099321856493,0.0,3.176026777263313,4.032469158504013,5,0.49999999999999994,-0.8660254037844387,0,1
train/ID1121692672.jpg,2015-02-24,NSW,Phalaris,-0.9045207234744433,2.960224621353598,0.0,1.3958,109.8042,111.2,109.8042,4.707764679731948,0.8737172043150936,0.0,4.707764679731948,4.720282993088596,2,0.8660254037844386,0.5000000000000001,0,5
train/ID1127246618.jpg,2015-05-18,Tas,Ryegrass,0.7409842616477352,-0.0580269014274188,3.0196,25.8824,32.3529,61.2549,35.3725,3.5071447251028727,3.2914717973835024,1.3911823951926665,3.593812994607407,4.1312372471064025,5,0.49999999999999994,-0.8660254037844387,1,10
train/ID112966473.jpg,2015-08-14,Vic,Ryegrass_Clover,0.5435236634330737,-0.44747871081851776,11.2,2.8,19.6,33.6,30.8,3.0252910757955354,1.33500106673234,2.501435951739211,3.459466289786131,3.543853682063679,8,-0.8660254037844384,-0.5000000000000004,2,11
train/ID1131079710.jpg,2015-11-09,Tas,Clover,-0.575419726450008,-0.5935231393401799,15.4794,11.119,1.5261,28.1246,17.0055,0.9266766114265725,2.4947744689863502,2.8021111160515564,2.8906772667791287,3.371583177885974,11,-0.5000000000000004,0.8660254037844384,1,0
train/ID1136169672.jpg,2015-05-18,Tas,Ryegrass,-0.24631872942557206,-0.2527528061229683,0.0,6.808,16.3107,23.1187,16.3108,2.8513248074230524,2.0551488491107914,0.0,2.8513305841802694,3.1829874732257166,5,0.49999999999999994,-0.8660254037844387,1,10
train/ID1139866256.jpg,2015-05-07,NSW,Fescue,0.01696206819397675,0.5261508126592297,0.0,83.8407,74.0593,157.9,74.0593,4.318278467790753,4.440775380487526,0.0,4.318278467790753,5.0682750735426705,5,0.49999999999999994,-0.8660254037844387,0,1
train/ID1139918758.jpg,2015-08-21,WA,Clover,0.8726246604575096,-0.44747871081851776,58.34,0.0,0.0,58.34,58.34,0.0,0.0,4.083283614862676,4.083283614862676,4.083283614862676,8,-0.8660254037844384,-0.5000000000000004,3,0
train/ID1140993511.jpg,2015-08-14,Vic,Ryegrass_Clover,0.346063065218412,-0.5448416631662925,4.6,2.3,16.1,23.0,20.7,2.8390784635086144,1.1939224684724346,1.7227665977411035,3.077312260546414,3.1780538303479458,8,-0.8660254037844384,-0.5000000000000004,2,11
train/ID1148528732.jpg,2015-08-18,Vic,Phalaris_Clover,1.3333660562917193,-0.4280061203489628,12.4113,0.0,28.0887,40.5,40.5,3.3703497826120037,0.0,2.596097635175123,3.7256934272366524,3.7256934272366524,8,-0.8660254037844384,-0.5000000000000004,2,7
train/ID1148666289.jpg,2015-06-26,Vic,Phalaris_Ryegrass_Clover,1.0042650592672842,-0.3987972346446304,4.0923,14.3231,21.4846,39.9,25.5769,3.112830630426897,2.7293614937119233,1.6277295949062667,3.280042417439009,3.711130063048756,6,1.2246467991473532e-16,-1.0,2,9
train/ID1149598723.jpg,2015-05-07,NSW,Lucerne,1.3991862556966066,3.4470393830924717,0.0,5.3831,58.3169,63.7,58.3169,4.082894256969594,1.8536538727656446,0.0,4.082894256969594,4.169761201506855,5,0.49999999999999994,-0.8660254037844387,0,3
train/ID1159071020.jpg,2015-09-30,Vic,Phalaris_Clover,0.5435236634330737,-0.0580269014274188,1.3191,6.7982,46.5727,54.69,47.8918,3.862259067294705,2.0538929378334605,0.8411791793790264,3.889609693257873,4.019800597601577,9,-1.0,-1.8369701987210297e-16,2,7
train/ID1163061745.jpg,2015-06-29,Tas,WhiteClover,-1.0361611222842178,-0.5448416631662925,5.2,6.7,1.2,13.1,6.4,0.7884573603642702,2.0412203288596382,1.824549292051046,2.0014800002101243,2.6461747973841225,6,1.2246467991473532e-16,-1.0,1,14
train/ID1168534540.jpg,2015-05-07,NSW,Fescue,1.3333660562917193,0.1366990032681307,0.0,8.6892,55.6108,64.3,55.6108,4.0361997797275535,2.2710118631549396,0.0,4.0361997797275535,4.178992036282385,5,0.49999999999999994,-0.8660254037844387,0,1
train/ID1176292407.jpg,2015-06-26,Tas,Ryegrass_Clover,-1.0361611222842178,-0.44747871081851776,0.1308,16.7365,9.022,25.8893,9.1528,2.304782676537533,2.875624663166081,0.12292534683729822,2.3177495295138173,3.2917284379597858,6,1.2246467991473532e-16,-1.0,1,11
train/ID1182523622.jpg,2015-06-29,Tas,WhiteClover,-1.1678015210939923,-0.5448416631662925,3.1059,14.7193,0.6752,18.5004,3.7811,0.5159325611341353,2.754889256747517,1.4124249636971438,1.5646706455515607,2.9704349781798287,6,1.2246467991473532e-16,-1.0,1,14
train/ID1183807388.jpg,2015-07-01,Tas,Ryegrass,0.2802428658135248,-0.2527528061229683,0.0,20.9156,20.9156,41.8312,20.9156,3.0871987120038593,3.0871987120038593,0.0,3.0871987120038593,3.7572668089793617,7,-0.4999999999999997,-0.8660254037844388,1,10
train/ID1193692654.jpg,2015-09-11,Tas,Ryegrass,0.21442266640863764,-0.43124830666214375,0.2727,6.3317,13.4232,20.0276,13.6959,2.6688380212458536,1.9922074126100762,0.2411406280158644,2.6875685433170005,3.0458358605202367,9,-1.0,-1.8369701987210297e-16,1,10
train/ID1199150612.jpg,2015-11-10,Tas,Ryegrass_Clover,-0.24631872942557206,-0.20407132994908092,0.3602,40.7019,27.0146,68.0767,27.3748,3.332725802849993,3.7305466913159293,0.3076317477594013,3.3455014273185766,4.235217481436785,11,-0.5000000000000004,0.8660254037844384,1,11
train/ID1208644039.jpg,2015-07-01,Vic,Phalaris_Clover,0.8726246604575096,-0.2527528061229683,1.55,7.75,31.0,40.3,32.55,3.4657359027997265,2.169053700369523,0.9360933591703348,3.5130368634176907,3.720862499966987,7,-0.4999999999999997,-0.8660254037844388,2,7
train/ID1211362607.jpg,2015-02-24,NSW,Ryegrass,-0.5095995270451209,-0.0580269014274188,0.0,1.3446,66.5554,67.9,66.5554,4.212948001995717,0.8521148116555909,0.0,4.212948001995717,4.232656178019613,2,0.8660254037844386,0.5000000000000001,0,10
train/ID121331988.jpg,2015-05-07,NSW,Fescue,0.6093438628379608,0.03933605092035594,0.0,21.05,63.15,84.2,63.15,4.161224091061645,3.093312601892855,0.0,4.161224091061645,4.44500143383527,5,0.49999999999999994,-0.8660254037844387,0,1
train/ID1215977190.jpg,2015-05-18,Tas,Ryegrass,0.5435236634330737,-0.2527528061229683,0.4068,24.8123,30.1002,55.3193,30.507,3.4372142500326777,3.250851122507215,0.34131762161769036,3.450209743366109,4.031037282795274,5,0.49999999999999994,-0.8660254037844387,1,10
train/ID1217108125.jpg,2015-06-29,Tas,WhiteClover,-0.24631872942557206,-0.5448416631662925,5.9027,8.0594,0.6811,14.6432,6.5838,0.519448341056876,2.2038028926963418,1.9319126394114596,2.026014393296975,2.7500363177692697,6,1.2246467991473532e-16,-1.0,1,14
train/ID1237349078.jpg,2015-10-13,Vic,Phalaris_BarleyGrass_SilverGrass_SpearGrass_Clover_Capeweed,-1.8260035151428635,-0.49616018699240516,3.189,26.221,9.39,38.8,12.579,2.340843805111136,3.3039887342413805,1.432462041964898,2.6085244817166577,3.6838669122903918,10,-0.8660254037844386,0.5000000000000001,2,6
train/ID12390962.jpg,2015-05-18,Tas,Ryegrass,-0.6412399258548945,-0.2527528061229683,0.0,15.2,14.0,29.2,14.0,2.70805020110221,2.785011242238338,0.0,2.70805020110221,3.407841924380824,5,0.49999999999999994,-0.8660254037844387,1,10
train/ID1244346858.jpg,2015-10-06,NSW,Fescue,-1.3652621193086534,0.4612389323289682,0.0,30.9343,49.2657,80.2,49.2657,3.9173229359516015,3.463680667249283,0.0,3.9173229359516015,4.396915247167632,10,-0.8660254037844386,0.5000000000000001,0,1
train/ID1249094008.jpg,2015-06-26,Vic,Ryegrass,0.346063065218412,-0.350115758470743,0.0,16.3603,4.5809,20.9412,4.5809,1.7193500537099144,2.854185990188878,0.0,1.7193500537099144,3.0883661479730833,6,1.2246467991473532e-16,-1.0,2,10
train/ID1251029854.jpg,2015-05-07,NSW,Fescue,-0.7070601252597818,-0.2527528061229683,0.0,22.0875,36.8125,58.9,36.8125,3.6326397357910603,3.139291345525358,0.0,3.6326397357910603,4.092676505121403,5,0.49999999999999994,-0.8660254037844387,0,1
train/ID1254829053.jpg,2015-06-26,Vic,Ryegrass,0.21442266640863764,-0.30143428229685565,0.0,10.2162,4.2568,14.473,4.2568,1.659522476601521,2.4173591618022963,0.0,1.659522476601521,2.7390965695075358,6,1.2246467991473532e-16,-1.0,2,10
train/ID1268934251.jpg,2015-10-13,Vic,Phalaris_BarleyGrass_SilverGrass_SpearGrass_Clover_Capeweed,-1.5627227175233152,-0.41826982511418537,0.0,24.7869,17.2131,42.0,17.2131,2.9021411153849828,3.2498666110399204,0.0,2.9021411153849828,3.7612001156935624,10,-0.8660254037844386,0.5000000000000001,2,6
train/ID1275072698.jpg,2015-01-15,NSW,Lucerne,0.5435236634330737,3.349676430744697,0.0,2.5,62.0,64.5,62.0,4.143134726391533,1.252762968495368,0.0,4.143134726391533,4.182050142641207,1,0.49999999999999994,0.8660254037844387,0,3
train/ID1277756619.jpg,2015-07-01,Tas,Ryegrass,-1.694363116333089,-0.44747871081851776,0.0,3.2,6.0,9.2,6.0,1.9459101490553132,1.4350845252893227,0.0,1.9459101490553132,2.322387720290225,7,-0.4999999999999997,-0.8660254037844388,1,10
train/ID1291116815.jpg,2015-07-02,Vic,Ryegrass_Clover,0.6751640622428481,-0.44747871081851776,1.24,3.72,19.84,24.8,21.08,3.0368742168851663,1.551808799597464,0.8064758658669485,3.0946722214088944,3.250374491927572,7,-0.4999999999999997,-0.8660254037844388,2,11
train/ID1294770420.jpg,2015-11-09,Tas,Ryegrass_Clover,-0.4437793276402337,-0.4150276388010044,17.3814,36.1534,14.6004,68.1352,31.9818,2.747296554952407,3.6150552878373623,2.911339283776501,3.4959558941745428,4.236064007727118,11,-0.5000000000000004,0.8660254037844384,1,11
train/ID1314135397.jpg,2015-01-15,NSW,Fescue_CrumbWeed,0.6093438628379608,-0.15538985377519354,0.0,16.6678,28.0322,44.7,28.0322,3.3684055588371646,2.8717437737698246,0.0,3.3684055588371646,3.822098297900159,1,0.49999999999999994,0.8660254037844387,0,2
train/ID13162390.jpg,2015-08-14,Vic,Ryegrass_Clover,0.5435236634330737,-0.44747871081851776,2.8667,2.8667,20.0667,25.8,22.9333,3.0476935947619315,1.3524014300967064,1.3524014300967064,3.1752707946274388,3.288401887516811,8,-0.8660254037844384,-0.5000000000000004,2,11
train/ID1337107565.jpg,2015-08-21,WA,Clover,-1.7601833157379763,-0.6422046155140673,10.04,0.0,0.0,10.04,10.04,0.0,0.0,2.401525040848949,2.401525040848949,2.401525040848949,8,-0.8660254037844384,-0.5000000000000004,3,0
train/ID1343327476.jpg,2015-08-14,Vic,Phalaris_Clover,0.346063065218412,-0.2527528061229683,3.1429,3.1429,37.7143,44.0,40.8571,3.6562090408280095,1.4213960257052396,1.4213960257052396,3.7342614360704447,3.8066624897703196,8,-0.8660254037844384,-0.5000000000000004,2,7
train/ID1345375788.jpg,2015-06-26,Tas,Ryegrass_Clover,-0.3779591282353465,-0.44747871081851776,2.3762,7.7226,8.7127,18.8115,11.0889,2.273434307502345,2.1659173586161122,1.2167508166851513,2.4922876762028476,2.9862625771775653,6,1.2246467991473532e-16,-1.0,1,11
train/ID135365668.jpg,2015-06-26,Vic,Phalaris_Ryegrass_Clover,0.5435236634330737,-0.44747871081851776,2.4,1.8667,17.3333,21.6,19.7333,2.9087190783808903,1.0531615424307255,1.2237754316221157,3.03174110335869,3.1179499062782403,6,1.2246467991473532e-16,-1.0,2,9
train/ID1354190372.jpg,2015-11-10,Tas,Ryegrass_Clover,0.08278226759886395,-0.44747871081851776,11.2565,6.5255,10.6039,28.3859,21.8604,2.4513412485039967,2.0182972536102803,2.5060564085107346,3.129406156026353,3.380514967466953,11,-0.5000000000000004,0.8660254037844384,1,11
train/ID1357758282.jpg,2015-01-15,NSW,Lucerne,0.7409842616477352,5.296935477700192,0.0,4.8,107.3,112.1,107.3,4.684905154006945,1.7578579175523736,0.0,4.684905154006945,4.728272383122075,1,0.49999999999999994,0.8660254037844387,0,3
train/ID1357768767.jpg,2015-02-25,NSW,Fescue,0.14860246700375115,0.7208767173547791,0.0,5.4497,104.1503,109.6,104.1503,4.655390755211686,1.8640336180980748,0.0,4.655390755211686,4.7059200890882344,2,0.8660254037844386,0.5000000000000001,0,1
train/ID1370004842.jpg,2015-10-06,NSW,Fescue,-0.7070601252597818,0.20161088359839216,0.0,21.9986,55.8014,77.8,55.8014,4.039560973310675,3.135433344511305,0.0,4.039560973310675,4.366912996863833,10,-0.8660254037844386,0.5000000000000001,0,1
train/ID1374789439.jpg,2015-07-01,Vic,Phalaris_Clover,0.5435236634330737,-0.350115758470743,1.3556,1.3556,21.6889,24.4,23.0444,3.1218758181101904,0.8567954720882786,0.8567954720882786,3.179902121205563,3.2347491740244907,7,-0.4999999999999997,-0.8660254037844388,2,7
train/ID1385921939.jpg,2015-05-07,NSW,Lucerne,0.8726246604575096,2.3760469072669497,0.0,6.8243,43.6757,50.5,43.6757,3.799429729641261,2.057234275555703,0.0,3.799429729641261,3.9415818076696905,5,0.49999999999999994,-0.8660254037844387,0,3
train/ID1386202352.jpg,2015-05-19,Tas,Ryegrass_Clover,1.3333660562917193,-0.2527528061229683,0.0,12.1549,35.0834,47.2383,35.0834,3.5858329257878405,2.5767943127909954,0.0,3.5858329257878405,3.8761533113336255,5,0.49999999999999994,-0.8660254037844387,1,11
train/ID1395011773.jpg,2015-10-13,Vic,Phalaris_BarleyGrass_SilverGrass_SpearGrass_Clover_Capeweed,-0.9045207234744433,-0.4280061203489628,10.0895,11.9667,13.8438,35.9,23.9333,2.6975822696502942,2.562384532647074,2.405998714683127,3.2162042594130327,3.6082115510464816,10,-0.8660254037844386,0.5000000000000001,2,6
train/ID1403078396.jpg,2015-09-04,Tas,Clover,-1.5627227175233152,-0.5123905911487792,5.3,8.3,1.5,15.1,6.8,0.9162907318741551,2.2300144001592104,1.840549633397487,2.0541237336955462,2.7788192719904172,9,-1.0,-1.8369701987210297e-16,1,0
train/ID1403107574.jpg,2015-08-21,WA,Clover,-0.7728803246646689,-0.6422046155140673,22.69,0.0,0.0,22.69,22.69,0.0,0.0,3.165053018170694,3.165053018170694,3.165053018170694,8,-0.8660254037844384,-0.5000000000000004,3,0
train/ID1411613934.jpg,2015-10-13,Vic,Phalaris_BarleyGrass_SilverGrass_SpearGrass_Clover_Capeweed,-1.101981321689105,-0.41826982511418537,6.8937,17.8286,16.8777,41.6,23.7714,2.883554126124376,2.935376990462625,2.0660649729715046,3.2096897618879257,3.751854253275325,10,-0.8660254037844386,0.5000000000000001,2,6
train/ID141370843.jpg,2015-08-14,Vic,Ryegrass_Clover,0.4118832646232993,-0.350115758470743,5.6182,5.6182,19.6636,30.9,25.2818,3.0283736982697533,1.8898234296532432,1.8898234296532432,3.2688766844215458,3.462606009790799,8,-0.8660254037844384,-0.5000000000000004,2,11
train/ID1413758094.jpg,2015-09-04,Tas,Ryegrass_Clover,-0.7728803246646689,-0.2527528061229683,0.8746,46.0532,17.5601,64.4879,18.4347,2.921014115274574,3.8512788764710173,0.6283953033302484,2.9670601281161013,4.181865392751569,9,-1.0,-1.8369701987210297e-16,1,11
train/ID1414371018.jpg,2015-11-10,Tas,Ryegrass_Clover,0.4118832646232993,-0.43124830666214375,14.7281,6.1901,12.3801,33.2982,27.1082,2.5937685285137078,1.9727050798420787,2.7554489214720856,3.336061348716619,3.535092874660758,11,-0.5000000000000004,0.8660254037844384,1,11
train/ID1415329644.jpg,2015-04-01,NSW,Lucerne,1.1359054580770578,2.960224621353598,0.0,0.0,63.3,63.3,63.3,4.163559631243574,0.0,0.0,4.163559631243574,4.163559631243574,4,0.8660254037844387,-0.4999999999999998,0,3
train/ID1421714468.jpg,2015-09-04,Tas,Ryegrass_Clover,1.267545856886832,-0.30143428229685565,0.0,36.581,26.6001,63.1811,26.6,3.3178193959049462,3.6264986035301647,0.0,3.3178157727231046,4.161708774830566,9,-1.0,-1.8369701987210297e-16,1,11
train/ID142751858.jpg,2015-09-29,Vic,Ryegrass_Clover,1.0042650592672842,-0.2527528061229683,15.3953,2.417,33.2077,51.02,48.603,3.5324507649257884,1.2287629731331546,2.7969947083908657,3.904051315772774,3.9516282600205055,9,-1.0,-1.8369701987210297e-16,2,11
train/ID1428837636.jpg,2015-06-29,Tas,WhiteClover,0.2802428658135248,-0.44747871081851776,10.1663,19.1366,3.8871,33.1901,14.0535,1.5865990805300665,3.0025390547669124,2.412900313802908,2.7116105222969673,3.5319361284787547,6,1.2246467991473532e-16,-1.0,1,14
train/ID1437386574.jpg,2015-09-30,Vic,Phalaris_Clover,0.6093438628379608,-0.15538985377519354,5.0001,3.7122,44.1677,52.88,49.1678,3.8103822296187255,1.5501548902702613,1.7917761357558344,3.915373386627766,3.986759351542163,9,-1.0,-1.8369701987210297e-16,2,7
train/ID1444674500.jpg,2015-07-08,WA,Clover,-1.496902518118428,-0.6422046155140673,11.64,0.0,3.5,15.14,15.14,1.5040773967762742,0.0,2.5368663887187113,2.7813006628418027,2.7813006628418027,7,-0.4999999999999997,-0.8660254037844388,3,0
train/ID1450399782.jpg,2015-09-11,Tas,Ryegrass,1.3333660562917193,-0.17162025793156754,0.1901,19.082,38.202,57.4741,38.3921,3.6687277659030832,2.9998238914572446,0.17403733720625708,3.6735652885853356,4.06858392115898,9,-1.0,-1.8369701987210297e-16,1,10
train/ID1451025862.jpg,2015-11-10,Tas,Ryegrass_Clover,-0.8387005240695562,-0.46370911497489176,5.3,4.3,6.9,16.5,12.2,2.066862759472976,1.667706820558076,1.840549633397487,2.580216829592325,2.8622008809294686,11,-0.5000000000000004,0.8660254037844384,1,11
train/ID1456861072.jpg,2015-06-26,Tas,Ryegrass_Clover,-1.8918237145477508,-0.6422046155140673,0.4,6.0,1.0,7.4,1.4,0.6931471805599453,1.9459101490553132,0.33647223662121295,0.8754687373538999,2.128231705849268,6,1.2246467991473532e-16,-1.0,1,11
train/ID1457700382.jpg,2015-04-01,NSW,Lucerne,0.2802428658135248,2.1813210025714,0.0,0.0,24.8,24.8,24.8,3.250374491927572,0.0,0.0,3.250374491927572,3.250374491927572,4,0.8660254037844387,-0.4999999999999998,0,3
train/ID1458758610.jpg,2015-10-06,NSW,Fescue,-1.101981321689105,0.16915007528564396,0.0,50.2255,52.4745,102.7,52.4745,3.9792049047611284,3.936237454936282,0.0,3.9792049047611284,4.641502115235482,10,-0.8660254037844386,0.5000000000000001,0,1
train/ID1463690813.jpg,2015-04-01,NSW,Lucerne,1.201725657481945,2.668135764310274,0.0,0.0,58.2,58.2,58.2,4.0809215418899605,0.0,0.0,4.0809215418899605,4.0809215418899605,4,0.8660254037844387,-0.4999999999999998,0,3
train/ID146920896.jpg,2015-05-19,Tas,Ryegrass_Clover,-1.9576439139526378,-0.5448416631662925,0.5,0.4,6.6,7.5,7.1,2.028148247292285,0.33647223662121295,0.4054651081081644,2.0918640616783932,2.1400661634962708,5,0.49999999999999994,-0.8660254037844387,1,11
train/ID1471216911.jpg,2015-09-30,Vic,Phalaris_Clover,1.267545856886832,0.8182396697025538,67.8977,11.4857,28.8667,108.25,96.7643,3.396744147383581,2.524583989440762,4.232622795749804,4.582559479726011,4.693638833975699,9,-1.0,-1.8369701987210297e-16,2,7
train/ID1472525822.jpg,2015-01-15,NSW,Fescue_CrumbWeed,0.2802428658135248,-0.0580269014274188,0.0,16.4891,30.3109,46.8,30.3109,3.443966279735155,2.861577829730517,0.0,3.443966279735155,3.86702563949741,1,0.49999999999999994,0.8660254037844387,0,2
train/ID1473228876.jpg,2015-01-15,NSW,Fescue_CrumbWeed,0.4118832646232993,0.03933605092035594,0.0,10.0135,28.0865,38.1,28.0865,3.370274149008645,2.399121793042075,0.0,3.370274149008645,3.66612246699132,1,0.49999999999999994,0.8660254037844387,0,2
train/ID1474775613.jpg,2015-05-18,Tas,Ryegrass,1.3333660562917193,0.23406195561590543,0.0,5.3604,44.3447,49.7051,44.3447,3.81429330093322,1.8500912684561048,0.0,3.81429330093322,3.9260264972541066,5,0.49999999999999994,-0.8660254037844387,1,10
train/ID147528735.jpg,2015-01-15,NSW,Lucerne,0.5435236634330737,4.323305954222445,0.0,3.0,53.5,56.5,53.5,3.9982007016691985,1.3862943611198906,0.0,3.9982007016691985,4.051784947803305,1,0.49999999999999994,0.8660254037844387,0,3
train/ID1476045099.jpg,2015-08-14,Vic,Ryegrass_Clover,0.7409842616477352,-0.350115758470743,6.7778,3.3889,20.3333,30.5,27.1111,3.0602692321903415,1.4790786262132218,2.051273521851915,3.3361645161343056,3.449987545831587,8,-0.8660254037844384,-0.5000000000000004,2,11
train/ID1477176296.jpg,2015-08-14,Vic,Ryegrass_Clover,0.7409842616477352,-0.350115758470743,1.8308,1.8308,20.1385,23.8,21.9692,3.0510960223900967,1.0405593572194927,1.0405593572194927,3.134154188057927,3.2108436531709366,8,-0.8660254037844384,-0.5000000000000004,2,11
train/ID1488408526.jpg,2015-02-25,NSW,Fescue,-1.1678015210939923,-0.15538985377519354,0.0,9.8969,28.5031,38.4,28.5031,3.3844953425705215,2.38847834511498,0.0,3.3844953425705215,3.673765816303888,2,0.8660254037844386,0.5000000000000001,0,1
train/ID1496750796.jpg,2015-08-14,Vic,Ryegrass_Clover,0.14860246700375115,-0.5448416631662925,1.7727,5.3182,12.4091,19.5,14.1818,2.595933580947376,1.843434357466077,1.0198215747010473,2.720097342012877,3.0204248861443626,8,-0.8660254037844384,-0.5000000000000004,2,11
train/ID1498398599.jpg,2015-09-04,Tas,Clover,-1.9576439139526378,-0.5286112590099185,11.0375,5.6471,1.2834,17.9681,12.321,0.8256655602600897,1.894180669327203,2.4880267771242437,2.5893417373693257,2.9427586207863223,9,-1.0,-1.8369701987210297e-16,1,0
train/ID1509266870.jpg,2015-08-14,Vic,Ryegrass_Clover,0.7409842616477352,-0.350115758470743,2.775,2.775,27.75,33.3,30.525,3.3586377672433594,1.328400382700988,1.328400382700988,3.4507808818509833,3.535145354171894,8,-0.8660254037844384,-0.5000000000000004,2,11
train/ID1510574031.jpg,2015-10-14,Vic,Phalaris_Clover_Ryegrass_Barleygrass_Bromegrass,-0.9703409228793306,-0.23652240196659427,7.2336,14.4672,19.4992,41.2,26.7328,3.020385860992647,2.738721652728204,2.108223343105288,3.322615828204909,3.742420221041966,10,-0.8660254037844386,0.5000000000000001,2,8
train/ID1512751450.jpg,2015-09-11,Tas,Ryegrass,0.7409842616477352,-0.36634616262711706,0.3786,9.6678,19.656,29.7024,20.0346,3.028005834104287,2.3672298584874856,0.3210684914694144,3.0461687009358416,3.424340827433341,9,-1.0,-1.8369701987210297e-16,1,10
train/ID1513184765.jpg,2015-06-26,Tas,Ryegrass_Clover,-1.6285429169282022,-0.6422046155140673,0.0,5.0118,6.1574,11.1692,6.1574,1.968146786533818,1.793724204537642,0.0,1.968146786533818,2.4989081694238138,6,1.2246467991473532e-16,-1.0,1,11
train/ID1515990019.jpg,2015-09-03,Tas,Ryegrass_Clover,-1.6285429169282022,-0.5286112590099185,0.0,1.3,11.9,13.2,11.9,2.5572273113676265,0.832909122935104,0.0,2.5572273113676265,2.653241964607215,9,-1.0,-1.8369701987210297e-16,1,11
train/ID1516374298.jpg,2015-07-08,WA,Clover,-2.3525651103819607,-0.6422046155140673,9.0,0.0,1.7,10.7,10.7,0.9932517730102833,0.0,2.302585092994046,2.4595888418037104,2.4595888418037104,7,-0.4999999999999997,-0.8660254037844388,3,0
train/ID152157478.jpg,2015-09-29,Vic,Ryegrass_Clover,1.201725657481945,0.9156026220503285,35.1643,7.9034,64.3724,107.44,99.5366,4.180100151039724,2.1864332262579986,3.588072444383241,4.610521840306493,4.686197024630465,9,-1.0,-1.8369701987210297e-16,2,11
train/ID1525817840.jpg,2015-08-18,Vic,Phalaris_Clover,0.4118832646232993,-0.369588348940298,7.7677,32.3656,20.0667,60.2,27.8344,3.0476935947619315,3.5075254291101086,2.171074514291835,3.361569118805108,4.11414718951828,8,-0.8660254037844384,-0.5000000000000004,2,7
train/ID1540480250.jpg,2015-02-24,NSW,Phalaris,-0.5095995270451209,1.2076914790936528,0.0,3.6485,116.7515,120.4,116.7515,4.768576471668892,1.5365445869137755,0.0,4.768576471668892,4.799090878625398,2,0.8660254037844386,0.5000000000000001,0,5
train/ID1545077474.jpg,2015-11-09,Tas,Ryegrass_Clover,-1.694363116333089,-0.3987972346446304,0.0,19.2,8.8,28.0,8.8,2.2823823856765264,3.005682604407159,0.0,2.2823823856765264,3.367295829986474,11,-0.5000000000000004,0.8660254037844384,1,11
train/ID1547945326.jpg,2015-09-03,Tas,Ryegrass_Clover,0.5435236634330737,-0.5286112590099185,6.2816,4.2493,10.7156,21.2465,16.9972,2.4609212870374892,1.65809473438052,1.9853506182802405,2.8902161902405887,3.10218469286799,9,-1.0,-1.8369701987210297e-16,1,11
train/ID1559189397.jpg,2015-05-07,NSW,Lucerne,-0.6412399258548945,1.499780336136977,0.0,1.0805,22.4195,23.5,22.4195,3.1535690086675476,0.7326082494408589,0.0,3.1535690086675476,3.1986731175506815,5,0.49999999999999994,-0.8660254037844387,0,3
train/ID1563418511.jpg,2015-02-24,NSW,Phalaris,0.2802428658135248,2.5707728119624993,0.0,4.5904,107.1096,111.7,107.1096,4.683145527362584,1.7210508409576004,0.0,4.683145527362584,4.724729421045731,2,0.8660254037844386,0.5000000000000001,0,5
train/ID1570190541.jpg,2015-11-09,Tas,Clover,-0.7070601252597818,-0.5123905911487792,16.6157,7.8376,0.1568,24.61,16.7724,0.14565757242236319,2.179015346575928,2.8687905498625605,2.8776466921352535,3.242982900211434,11,-0.5000000000000004,0.8660254037844384,1,0
train/ID1573329652.jpg,2015-01-15,NSW,Fescue_CrumbWeed,-0.3121389288304593,-0.15538985377519354,0.0,19.2015,22.2985,41.5,22.2985,3.1483889808169194,3.0057568590759556,0.0,3.1483889808169194,3.7495040759303713,1,0.49999999999999994,0.8660254037844387,0,2
train/ID1574125908.jpg,2015-02-24,NSW,Ryegrass,-1.5627227175233152,-0.0580269014274188,0.0,3.5379,43.1621,46.7,43.1621,3.787866955185994,1.5124643499755823,0.0,3.787866955185994,3.8649313978942956,2,0.8660254037844386,0.5000000000000001,0,10
train/ID157479394.jpg,2015-02-24,NSW,Phalaris,0.21442266640863764,2.8628616690058233,0.0,4.8579,129.3421,134.2,129.3421,4.870162532482283,1.7677911775872517,0.0,4.870162532482283,4.906755163608864,2,0.8660254037844386,0.5000000000000001,0,5
train/ID1579942839.jpg,2015-09-04,Tas,Clover,0.01696206819397675,-0.49616018699240516,14.886,2.6661,3.3327,20.8848,18.2186,1.466190904265759,1.2991284267323362,2.76543821821094,2.9558785600982844,3.0857923319216396,9,-1.0,-1.8369701987210297e-16,1,0
train/ID158170916.jpg,2015-11-10,Tas,Ryegrass_Clover,1.6624670533161554,0.12046859911175659,5.3547,33.0205,69.6107,107.9859,74.9654,4.2571816910890865,3.526963284096632,1.8491946966034534,4.330277973464701,4.691218516063537,11,-0.5000000000000004,0.8660254037844384,1,11
train/ID1590632667.jpg,2015-11-09,Tas,Ryegrass_Clover,0.2802428658135248,-0.36634616262711706,3.1807,24.2887,31.2284,58.6978,34.4091,3.472848051405508,3.230357655643773,1.4304786966309477,3.566968849251809,4.089295168798271,11,-0.5000000000000004,0.8660254037844384,1,11
train/ID1618145129.jpg,2015-11-10,Tas,Ryegrass_Clover,1.201725657481945,-0.333885354314369,0.0,10.3826,37.1257,47.5083,37.1257,3.6408885954147587,2.4320858736044175,0.0,3.6408885954147587,3.8817349173223,11,-0.5000000000000004,0.8660254037844384,1,11
train/ID1618597318.jpg,2015-09-03,Tas,Ryegrass_Clover,-0.048858131210910455,-0.5286112590099185,1.1195,2.239,33.0259,36.3845,34.1454,3.527121999326573,1.1752646401891922,0.7511802118105547,3.559493741982933,3.621256180014441,9,-1.0,-1.8369701987210297e-16,1,11
train/ID1620371305.jpg,2015-09-30,Vic,Phalaris_Clover,0.8726246604575096,0.23406195561590543,17.0913,6.4092,57.0895,80.59,74.1808,4.06198492463395,2.002722471266431,2.8954311597328726,4.319895879207375,4.401706705440709,9,-1.0,-1.8369701987210297e-16,2,7
train/ID162394992.jpg,2015-02-24,NSW,Ryegrass,-0.3121389288304593,0.1366990032681307,0.0,1.8459,47.2541,49.1,47.2541,3.8764807982681653,1.0458793620159064,0.0,3.8764807982681653,3.914021008090819,2,0.8660254037844386,0.5000000000000001,0,10
train/ID1623964968.jpg,2015-11-09,Tas,Ryegrass_Clover,-1.4310823187135406,-0.5123905911487792,10.0977,21.4983,19.5439,51.1398,29.6415,3.022564059894458,3.113439750800354,2.4067378796407017,3.4223552992876805,3.953928572671378,11,-0.5000000000000004,0.8660254037844384,1,11
train/ID1624268863.jpg,2015-01-15,NSW,Fescue_CrumbWeed,-0.6412399258548945,-0.350115758470743,0.0,10.168,22.932,33.1,22.932,3.1752164755277854,2.4130525460200167,0.0,3.1752164755277854,3.529297384289471,1,0.49999999999999994,0.8660254037844387,0,2
train/ID1634731537.jpg,2015-11-09,Tas,Clover,-0.11467833061579766,-0.4150276388010044,19.9619,6.8619,0.0,26.8238,19.9619,0.0,2.0620283075089567,3.042706504199444,3.042706504199444,3.32589176954699,11,-0.5000000000000004,0.8660254037844384,1,0
train/ID1638922597.jpg,2015-06-29,Tas,WhiteClover,-0.048858131210910455,-0.44747871081851776,10.5353,21.3479,0.2772,32.1605,10.8126,0.2446701818584899,3.106732356913542,2.445411899089861,2.4691667583924937,3.5013594085611364,6,1.2246467991473532e-16,-1.0,1,14
train/ID1645161155.jpg,2015-09-04,Tas,Ryegrass_Clover,0.2802428658135248,-0.30143428229685565,0.0,40.6841,19.0515,59.7356,19.0516,2.998303963921809,3.7301197611293184,0.0,2.998308951067441,4.106530017085902,9,-1.0,-1.8369701987210297e-16,1,11
train/ID1655778545.jpg,2015-05-07,NSW,Fescue,-0.24631872942557206,-0.2527528061229683,0.0,17.0357,30.6643,47.7,30.6643,3.455189863297389,2.8923531270206344,0.0,3.455189863297389,3.885679030088544,5,0.49999999999999994,-0.8660254037844387,0,1
train/ID1665142816.jpg,2015-07-01,Vic,Phalaris_Clover,0.4777034640281865,-0.350115758470743,3.7714,4.7143,24.5143,33.0,28.2857,3.239239079297343,1.7429718050554979,1.562639762885461,3.3770993422780977,3.5263605246161616,7,-0.4999999999999997,-0.8660254037844388,2,7
train/ID1667778338.jpg,2015-08-14,Vic,Ryegrass_Clover,0.7409842616477352,-0.2527528061229683,3.9,9.75,29.25,42.9,33.15,3.4094961844768505,2.3749057545736716,1.589235205116581,3.530762586016799,3.7819143200811256,8,-0.8660254037844384,-0.5000000000000004,2,11
train/ID1671844336.jpg,2015-06-26,Tas,Ryegrass_Clover,0.14860246700375115,-0.44747871081851776,0.8024,8.4248,12.0354,21.2625,12.8377,2.5676687335276056,2.2433445129497724,0.5891191101358977,2.627396751408173,3.10290364861578,6,1.2246467991473532e-16,-1.0,1,11
train/ID1675365449.jpg,2015-09-30,Vic,Phalaris_Clover,0.8726246604575096,0.8182396697025538,1.4833,12.2372,89.7395,103.46,91.2228,4.507992763971573,2.583031047781199,0.9095883208144797,4.52420738849504,4.6488042230081525,9,-1.0,-1.8369701987210297e-16,2,7
train/ID1680597197.jpg,2015-02-25,NSW,Fescue,0.21442266640863764,0.42878786031145494,0.0,8.6171,84.1829,92.8,84.1829,4.444800709466129,2.263542763929377,0.0,4.444800709466129,4.541164856012179,2,0.8660254037844386,0.5000000000000001,0,1
train/ID1692894460.jpg,2015-11-09,Tas,Clover,0.21442266640863764,-0.3987972346446304,30.1768,14.7741,0.3143,45.2652,30.4912,0.27330420450582543,2.758369354501793,3.4396742284718673,3.4497081417225295,3.834390058613945,11,-0.5000000000000004,0.8660254037844384,1,0
train/ID1693880739.jpg,2015-06-26,Vic,Phalaris_Ryegrass_Clover,1.267545856886832,-0.350115758470743,0.0,4.7385,30.4615,35.2,30.4615,3.44876457608663,1.747197852138586,0.0,3.44876457608663,3.5890591188317256,6,1.2246467991473532e-16,-1.0,2,9
train/ID1703304524.jpg,2015-11-10,Tas,Ryegrass_Clover,1.3333660562917193,-0.0580269014274188,2.5821,46.4778,47.7689,96.8288,50.351,3.8870928146183044,3.8602622333688807,1.2759492206134384,3.938684410381637,4.583219012218088,11,-0.5000000000000004,0.8660254037844384,1,11
train/ID1717006117.jpg,2015-10-14,Vic,Phalaris_Clover_Ryegrass_Barleygrass_Bromegrass,-0.575419726450008,-0.13915944961881951,18.0129,18.9135,32.8735,69.8,50.8865,3.5226329977766526,2.991397893686436,2.9451176961543686,3.9490586407289743,4.259859000699674,10,-0.8660254037844386,0.5000000000000001,2,8
train/ID1729002155.jpg,2015-10-06,NSW,Fescue,-2.089284312762412,-0.1878409257927069,0.0,20.7462,19.8538,40.6,19.8538,3.0375361858351746,3.0794390296269833,0.0,3.0375361858351746,3.728100167267218,10,-0.8660254037844386,0.5000000000000001,0,1
train/ID1746343319.jpg,2015-11-09,Tas,Ryegrass_Clover,-2.0234641133575253,-0.49616018699240516,0.6,18.0,6.9,25.5,7.5,2.066862759472976,2.9444389791664403,0.4700036292457355,2.1400661634962708,3.2771447329921766,11,-0.5000000000000004,0.8660254037844384,1,11
train/ID1753847361.jpg,2015-09-30,Vic,Phalaris_Clover,1.1359054580770578,0.9156026220503285,34.9938,3.5437,51.2725,89.81,86.2663,3.9564704201634413,1.513741658112599,3.583346701401938,4.46896436311819,4.508769411701737,9,-1.0,-1.8369701987210297e-16,2,7
train/ID1761544403.jpg,2015-08-21,WA,Clover,-0.7728803246646689,-0.6422046155140673,32.64,0.0,0.0,32.64,32.64,0.0,0.0,3.5157158351047473,3.5157158351047473,3.5157158351047473,8,-0.8660254037844384,-0.5000000000000004,3,0
train/ID1781353117.jpg,2015-05-18,Tas,Ryegrass,0.21442266640863764,-0.350115758470743,1.7583,11.0291,15.185,27.9724,16.9433,2.784084887378208,2.487328714220377,1.0146145479298525,2.8872167862028637,3.3663436526715698,5,0.49999999999999994,-0.8660254037844387,1,10
train/ID1782509721.jpg,2015-10-06,NSW,Fescue,-1.7601833157379763,0.03933605092035594,0.0,26.2626,30.1374,56.4,30.1374,3.43840966902152,3.3055157995632025,0.0,3.43840966902152,4.050044303325521,10,-0.8660254037844386,0.5000000000000001,0,1
train/ID1782608354.jpg,2015-09-01,WA,Ryegrass,1.0042650592672842,0.9156026220503285,0.07,0.0,72.1,72.17,72.17,4.291828366755733,0.0,0.06765864847381481,4.292785500895938,4.292785500895938,9,-1.0,-1.8369701987210297e-16,3,10
train/ID1783499590.jpg,2015-06-26,Vic,Ryegrass,0.9384448598623969,-0.20407132994908092,1.1385,18.2154,13.6615,33.0154,14.8,2.685225010460266,2.9557120408701323,0.7601046486848263,2.760009940032921,3.5268133632457412,6,1.2246467991473532e-16,-1.0,2,10
train/ID1784585001.jpg,2015-11-09,Tas,Clover,0.9384448598623969,-0.30143428229685565,35.0394,12.3111,3.788,51.1386,38.8275,1.5661127876957266,2.5885982736202404,3.5846127844328532,3.684557628464913,3.9539055573585222,11,-0.5000000000000004,0.8660254037844384,1,0
train/ID1789265307.jpg,2015-11-09,Tas,Clover,1.3991862556966066,-0.041796497271044786,69.8783,19.3509,1.0751,90.3042,70.9533,0.7300093452925116,3.0131251369548875,4.260964321810555,4.276017297465757,4.514196788733435,11,-0.5000000000000004,0.8660254037844384,1,0
train/ID1789834546.jpg,2015-10-14,Vic,Phalaris_Clover_Ryegrass_Barleygrass_Bromegrass,-0.9045207234744433,-0.333885354314369,6.5244,14.8756,21.4,42.8,27.9244,3.109060958860994,2.7647833393401227,2.0181510732367283,3.3646855295629527,3.7796338173824005,10,-0.8660254037844386,0.5000000000000001,2,8
train/ID1789853061.jpg,2015-08-18,Vic,Phalaris_Clover,1.3991862556966066,-0.2332802156534133,12.9283,7.5415,36.6302,57.1,49.5585,3.6278069194995397,2.1449366364049753,2.6339227415791235,3.9231310816769875,4.062165663857866,8,-0.8660254037844384,-0.5000000000000004,2,7
train/ID1831254380.jpg,2015-11-09,Tas,Clover,1.201725657481945,-0.22030173410545492,71.7865,15.758,0.8754,88.42,72.662,0.6288219700033877,2.818875756191095,4.287530498446159,4.299487062426758,4.4933443708058345,11,-0.5000000000000004,0.8660254037844384,1,0
train/ID1839139621.jpg,2015-05-18,Tas,Ryegrass,0.9384448598623969,0.03933605092035594,0.0,10.3894,31.5263,41.9157,31.5264,3.482048992854239,2.4326830982840346,0.0,3.4820520672846627,3.759237726350216,5,0.49999999999999994,-0.8660254037844387,1,10
train/ID1853508321.jpg,2015-09-03,Tas,Ryegrass_Clover,-1.3652621193086534,-0.5772927351838059,0.0,1.1786,28.5232,29.7018,28.5232,3.3851763949413094,0.778682468666208,0.0,3.3851763949413094,3.4243212847961915,9,-1.0,-1.8369701987210297e-16,1,11
train/ID1857489997.jpg,2015-07-01,Vic,Phalaris_Clover,0.01696206819397675,-0.44747871081851776,2.3478,2.3478,13.3043,18.0,15.6522,2.660560191365587,1.2083034136863826,1.2083034136863826,2.812542339829904,2.9444389791664403,7,-0.4999999999999997,-0.8660254037844388,2,7
train/ID1859251563.jpg,2015-01-15,NSW,Lucerne,1.1359054580770578,6.07583909648239,0.0,6.9,119.6,126.5,119.6,4.792479284293085,2.066862759472976,0.0,4.792479284293085,4.848116364598481,1,0.49999999999999994,0.8660254037844387,0,3
train/ID1859792585.jpg,2015-05-18,Tas,Ryegrass,-0.24631872942557206,-0.350115758470743,0.7708,30.83,22.6087,54.2095,23.3794,3.1616152881668316,3.4604092412940015,0.5714314218758489,3.193738513413945,4.01113503992457,5,0.49999999999999994,-0.8660254037844387,1,10
train/ID1868719645.jpg,2015-07-02,Vic,Ryegrass_Clover,0.7409842616477352,-0.350115758470743,4.8348,2.4174,20.5478,27.8,25.3826,3.070273723171352,1.228880028032036,1.7638399892299212,3.2727047019472826,3.3603753871419,7,-0.4999999999999997,-0.8660254037844388,2,11
train/ID187238869.jpg,2015-09-29,Vic,Ryegrass_Clover,0.6093438628379608,-0.350115758470743,11.8881,2.972,28.9098,43.77,40.798,3.398186185892653,1.3792697461829262,2.556304405000375,3.7328484914960596,3.8015382722528743,9,-1.0,-1.8369701987210297e-16,2,11
train/ID1874904894.jpg,2015-10-13,Vic,Phalaris_BarleyGrass_SilverGrass_SpearGrass_Clover_Capeweed,-2.3525651103819607,-0.44747871081851776,0.0,29.1542,4.1458,33.3,4.1458,1.6381808479663122,3.4063242169539523,0.0,1.6381808479663122,3.535145354171894,10,-0.8660254037844386,0.5000000000000001,2,6
train/ID1876271942.jpg,2015-02-24,NSW,Ryegrass,0.14860246700375115,0.23406195561590543,0.0,8.3614,47.9386,56.3,47.9386,3.890566451148467,2.2365948519542,0.0,3.890566451148467,4.048300623720694,2,0.8660254037844386,0.5000000000000001,0,10
train/ID1880764911.jpg,2015-05-18,Tas,Ryegrass,-0.9045207234744433,-0.2527528061229683,5.9821,21.9343,15.1546,43.0709,21.1367,2.7822048388337435,3.1326336065456437,1.9433497311239614,3.0972368646806987,3.7857997007011885,5,0.49999999999999994,-0.8660254037844387,1,10
train/ID1888700589.jpg,2015-07-08,WA,Clover,-0.11467833061579766,-0.5448416631662925,1.62,0.0,20.9,22.52,22.52,3.086486636822455,0.0,0.9631743177730056,3.1578511230304263,3.1578511230304263,7,-0.4999999999999997,-0.8660254037844388,3,0
train/ID1889150649.jpg,2015-09-01,WA,SubcloverLosa,-2.220924711572186,-0.6422046155140673,2.48,0.0,0.0,2.48,2.48,0.0,0.0,1.247032293786383,1.247032293786383,1.247032293786383,9,-1.0,-1.8369701987210297e-16,3,13
train/ID1894998379.jpg,2015-10-13,Vic,Phalaris_BarleyGrass_SilverGrass_SpearGrass_Clover_Capeweed,-1.5627227175233152,-0.3209068727664106,13.4778,35.0985,8.4236,57.0,21.9015,2.2432171811866923,3.586251313229021,2.672616441712819,3.1312024105984255,4.060443010546419,10,-0.8660254037844386,0.5000000000000001,2,6
train/ID1899025384.jpg,2015-06-26,Tas,Ryegrass_Clover,0.2802428658135248,-0.350115758470743,0.4133,8.6803,11.1604,20.254,11.5737,2.498184770733843,2.270092892543789,0.34592739539196804,2.5316073309200813,3.0565451129505035,6,1.2246467991473532e-16,-1.0,1,11
train/ID1920959057.jpg,2015-07-02,Vic,Ryegrass_Clover,0.5435236634330737,-0.44747871081851776,3.5619,2.6714,12.4667,18.7,16.0286,2.600219971543456,1.3005730607144128,1.517739203411511,2.8348942834268773,2.9806186357439426,7,-0.4999999999999997,-0.8660254037844388,2,11
train/ID193102215.jpg,2015-04-01,NSW,Lucerne,0.01696206819397675,2.3760469072669497,0.0,0.0,22.8,22.8,22.8,3.169685580677429,0.0,0.0,3.169685580677429,3.169685580677429,4,0.8660254037844387,-0.4999999999999998,0,3
train/ID1946311744.jpg,2015-09-29,Vic,Ryegrass_Clover,1.1359054580770578,0.03933605092035594,28.5594,2.8017,40.3989,71.76,68.9583,3.7232543104299696,1.3354483351139759,3.386401798174406,4.2478993502553895,4.287166353649922,9,-1.0,-1.8369701987210297e-16,2,11
train/ID194823383.jpg,2015-07-08,WA,Clover,0.01696206819397675,-0.44747871081851776,4.91,0.0,20.8,25.71,25.71,3.0819099697950434,0.0,1.776645831418007,3.2850380271218693,3.2850380271218693,7,-0.4999999999999997,-0.8660254037844388,3,0
train/ID1948354837.jpg,2015-01-15,NSW,Fescue_CrumbWeed,-0.18049853002068486,-0.2527528061229683,0.0,14.4659,19.0341,33.5,19.0341,2.9974358216915404,2.738637600370001,0.0,2.9974358216915404,3.5409593240373143,1,0.49999999999999994,0.8660254037844387,0,2
train/ID1952813879.jpg,2015-06-26,Vic,Ryegrass,0.14860246700375115,-0.3987972346446304,0.5875,8.225,3.525,12.3375,4.1125,1.5096175771518894,2.221917189926591,0.46216045178470966,1.63168852136892,2.590579616627872,6,1.2246467991473532e-16,-1.0,2,10
train/ID1953171547.jpg,2015-09-04,Tas,Ryegrass_Clover,-1.4310823187135406,-0.20407132994908092,0.692,58.7479,15.989,75.4289,16.681,2.8325660757997775,4.090134043750455,0.5259112611840315,2.8724906166959525,4.336360896896873,9,-1.0,-1.8369701987210297e-16,1,11
train/ID1953218650.jpg,2015-11-10,Tas,Ryegrass_Clover,-1.0361611222842178,-0.43124830666214375,3.8,5.2,6.7,15.7,10.5,2.0412203288596382,1.824549292051046,1.5686159179138452,2.4423470353692043,2.8154087194227095,11,-0.5000000000000004,0.8660254037844384,1,11
train/ID1954669045.jpg,2015-06-30,Vic,Phalaris_Clover,0.8068044610526225,-0.4669513012880727,6.859,10.469,18.772,36.1,25.631,2.9842667954447126,2.4396477433823853,2.061659371884038,3.282075950754292,3.6136169696133895,6,1.2246467991473532e-16,-1.0,2,7
train/ID1962197151.jpg,2015-04-01,NSW,Lucerne,0.4118832646232993,2.668135764310274,0.0,0.0,22.0,22.0,22.0,3.1354942159291497,0.0,0.0,3.1354942159291497,3.1354942159291497,4,0.8660254037844387,-0.4999999999999998,0,3
train/ID1962379474.jpg,2015-11-10,Tas,Ryegrass_Clover,-0.7070601252597818,-0.23652240196659427,1.4451,40.1734,17.341,58.9595,18.7861,2.9091389909688954,3.71779241677803,0.8940860218859625,2.9849796709669008,4.093669334307033,11,-0.5000000000000004,0.8660254037844384,1,11
train/ID1963715583.jpg,2015-07-08,WA,Clover,-3.2740479020503805,-0.6422046155140673,0.34,0.0,0.7,1.04,1.04,0.5306282510621704,0.0,0.29266961396282004,0.712949807856125,0.712949807856125,7,-0.4999999999999997,-0.8660254037844388,3,0
train/ID196516535.jpg,2015-05-18,Tas,Ryegrass,-1.3652621193086534,-0.44747871081851776,0.5231,24.8461,9.0231,34.3923,9.5462,2.3048924290457373,3.252159719166164,0.4207477316393213,2.3557656054647707,3.566494282355807,5,0.49999999999999994,-0.8660254037844387,1,10
train/ID1970522802.jpg,2015-05-07,NSW,Fescue,-0.7070601252597818,-0.350115758470743,0.0,13.5089,32.8911,46.4,32.8911,3.5231524430444106,2.674762254236035,0.0,3.5231524430444106,3.858622228701031,5,0.49999999999999994,-0.8660254037844387,0,1
train/ID1976436386.jpg,2015-10-14,Vic,Phalaris_Clover_Ryegrass_Barleygrass_Bromegrass,-0.9045207234744433,-0.15538985377519354,7.9555,25.2703,26.6742,59.9,34.6297,3.3205005712211504,3.268439023502817,2.1922678686831762,3.573179559711402,4.109233174715851,10,-0.8660254037844386,0.5000000000000001,2,8
train/ID1980675327.jpg,2015-06-26,Tas,Ryegrass_Clover,-0.4437793276402337,-0.6422046155140673,2.6598,9.0024,14.7312,26.3934,17.391,2.755646001509469,2.302825064198653,1.2974085011114498,2.911861414516844,3.3103021084663538,6,1.2246467991473532e-16,-1.0,1,11
train/ID1982662138.jpg,2015-04-01,NSW,Lucerne,0.8726246604575096,2.4734098596147245,0.0,1.1594,35.9406,37.1,35.9406,3.6093112171946804,0.769830405330903,0.0,3.6093112171946804,3.6402142821326553,4,0.8660254037844387,-0.4999999999999998,0,3
train/ID1988033238.jpg,2015-08-18,Vic,Phalaris_Clover,0.6751640622428481,-0.4280061203489628,4.8803,12.4718,21.1479,38.5,26.0282,3.0977426838701594,2.600598611784073,1.7716077810172022,3.2968807653961596,3.676300671907076,8,-0.8660254037844384,-0.5000000000000004,2,7
train/ID1989506559.jpg,2015-11-10,Tas,Ryegrass_Clover,0.9384448598623969,-0.31766468645322965,15.202,8.1077,28.377,51.6867,43.579,3.38021205525302,2.2091202095826064,2.7851346914082993,3.7972628961224615,3.964363051779657,11,-0.5000000000000004,0.8660254037844384,1,11
train/ID1993907137.jpg,2015-05-18,Tas,Ryegrass,-1.0361611222842178,-0.44747871081851776,0.1834,12.8356,15.9528,28.9718,16.1362,2.830433011924219,2.6272449805673963,0.16839165126045666,2.841193184972484,3.400256939585099,5,0.49999999999999994,-0.8660254037844387,1,10
train/ID1997244125.jpg,2015-06-26,Tas,Ryegrass_Clover,-1.694363116333089,-0.44747871081851776,0.0,46.0672,4.1536,50.2208,4.1536,1.6396954995947972,3.851576367771591,0.0,1.6396954995947972,3.936145699548273,6,1.2246467991473532e-16,-1.0,1,11
train/ID2002797732.jpg,2015-07-01,Vic,Phalaris_Clover,0.01696206819397675,-0.5448416631662925,0.55,3.3,9.35,13.2,9.9,2.336986519711378,1.4586150226995167,0.4382549309311553,2.388762789235098,2.653241964607215,7,-0.4999999999999997,-0.8660254037844388,2,7
train/ID2003438517.jpg,2015-07-02,Vic,Ryegrass_Clover,0.5435236634330737,-0.350115758470743,5.2,2.08,13.52,20.8,18.72,2.67552700939665,1.1249295969854831,1.824549292051046,2.9816333491744893,3.0819099697950434,7,-0.4999999999999997,-0.8660254037844388,2,11
train/ID2006686196.jpg,2015-10-14,Vic,Phalaris_Clover_Ryegrass_Barleygrass_Bromegrass,-1.2994419199037663,0.16915007528564396,0.0,38.8581,28.0419,66.9,28.0419,3.3687396148135877,3.6853256468146305,0.0,3.3687396148135877,4.21803603456465,10,-0.8660254037844386,0.5000000000000001,2,8
train/ID2010625680.jpg,2015-07-08,WA,Clover,0.6093438628379608,-0.44747871081851776,37.5911,0.0,5.0589,42.65,42.65,1.8015282654529943,0.0,3.6530216799372615,3.776203282285611,3.776203282285611,7,-0.4999999999999997,-0.8660254037844388,3,0
train/ID2014192906.jpg,2015-06-26,Vic,Ryegrass,-0.18049853002068486,-0.44747871081851776,0.5,7.0,3.0,10.1912,3.5,1.3862943611198906,2.0794415416798357,0.4054651081081644,1.5040773967762742,2.415127755180084,6,1.2246467991473532e-16,-1.0,2,10
train/ID2030696575.jpg,2015-11-09,Tas,Clover,-2.2867449109770734,-0.6259742113576933,2.1,2.6,1.6,6.3,3.7,0.9555114450274363,1.2809338454620642,1.1314021114911006,1.547562508716013,1.9878743481543455,11,-0.5000000000000004,0.8660254037844384,1,0
train/ID2037861084.jpg,2015-06-30,Vic,Phalaris_Clover,0.7409842616477352,-0.369588348940298,0.0,12.2169,28.6831,40.9,28.6831,3.390577860284279,2.5814963137335796,0.0,3.390577860284279,3.735285826928092,6,1.2246467991473532e-16,-1.0,2,7
train/ID2048645043.jpg,2015-06-26,Vic,Ryegrass,0.6751640622428481,-0.350115758470743,4.186,11.5116,10.4651,26.1628,14.6512,2.4393076384698236,2.526656213982463,1.6459626871164725,2.750547591362901,3.3018483901603046,6,1.2246467991473532e-16,-1.0,2,10
train/ID2052442675.jpg,2015-05-19,Tas,Ryegrass_Clover,-1.496902518118428,-0.5448416631662925,0.0,2.7,14.5,17.2,14.5,2.740840023925201,1.308332819650179,0.0,2.740840023925201,2.9014215940827497,5,0.49999999999999994,-0.8660254037844387,1,11
train/ID2052993274.jpg,2015-02-24,NSW,Phalaris,0.01696206819397675,2.3760469072669497,0.0,1.7764,103.6236,105.4,103.6236,4.650369147597053,1.0211551244832915,0.0,4.650369147597053,4.667205576907544,2,0.8660254037844386,0.5000000000000001,0,5
train/ID2053315094.jpg,2015-02-25,NSW,Fescue,-0.575419726450008,0.42878786031145494,0.0,17.8111,50.8889,68.7,50.8889,3.9491048944654175,2.9344471211352414,0.0,3.9491048944654175,4.244200317766478,2,0.8660254037844386,0.5000000000000001,0,1
train/ID2056023629.jpg,2015-02-25,NSW,Fescue,0.14860246700375115,0.42878786031145494,0.0,25.1357,57.6643,82.8,57.6643,4.071831364647235,3.2633021958123223,0.0,4.071831364647235,4.428433007488037,2,0.8660254037844386,0.5000000000000001,0,1
train/ID2056982009.jpg,2015-09-29,Vic,Ryegrass_Clover,0.4118832646232993,-0.44747871081851776,4.0868,1.5598,30.8534,36.5,34.9402,3.4611441267132195,0.9399291304395544,1.6266489491644547,3.581856446170202,3.624340932976365,9,-1.0,-1.8369701987210297e-16,2,11
train/ID2069766023.jpg,2015-06-26,Tas,Ryegrass_Clover,-1.4310823187135406,-0.2527528061229683,1.8208,32.7742,6.1907,40.7857,8.0115,1.9727885244349173,3.51969719740734,1.0370205326614688,2.1985015394507226,3.7325541757361975,6,1.2246467991473532e-16,-1.0,1,11
train/ID2086966681.jpg,2015-06-29,Tas,WhiteClover,-0.575419726450008,-0.44747871081851776,3.804,30.7245,1.7557,36.2842,5.5597,1.0136714938157094,3.4570892530349617,1.569448904217737,1.8809448702029543,3.6185696444158286,6,1.2246467991473532e-16,-1.0,1,14
train/ID2089023774.jpg,2015-09-29,Vic,Ryegrass_Clover,1.0042650592672842,-0.2527528061229683,17.5189,1.3042,33.4869,52.31,51.0058,3.5405795417842354,0.8347335446218161,2.9187918322056854,3.9513552508230143,3.9761239308346696,9,-1.0,-1.8369701987210297e-16,2,11
train/ID2091439402.jpg,2015-06-26,Vic,Phalaris_Ryegrass_Clover,1.0700852586721705,-0.3987972346446304,1.0962,4.9327,22.4712,28.5,23.5673,3.155774137656864,1.780479421359609,0.74012618175394,3.201416290384837,3.3843902633457743,6,1.2246467991473532e-16,-1.0,2,9
train/ID2096636211.jpg,2015-10-13,Vic,Phalaris_BarleyGrass_SilverGrass_SpearGrass_Clover_Capeweed,-1.8260035151428635,-0.4669513012880727,2.6,32.2,11.4,46.2,14.0,2.517696472610991,3.502549875922443,1.2809338454620642,2.70805020110221,3.8543938925915096,10,-0.8660254037844386,0.5000000000000001,2,6
train/ID2099464826.jpg,2015-10-06,NSW,Fescue,-0.048858131210910455,0.2989738359461669,0.0,25.28,69.52,94.8,69.52,4.25589635752967,3.26880819361641,0.0,4.25589635752967,4.562262684976814,10,-0.8660254037844386,0.5000000000000001,0,1
train/ID2099742797.jpg,2015-07-02,Vic,Ryegrass_Clover,0.6093438628379608,-0.5448416631662925,4.14,1.38,15.18,20.7,19.32,2.7837759116303458,0.8671004876833833,1.6370530794670737,3.011605622710281,3.077312260546414,7,-0.4999999999999997,-0.8660254037844388,2,11
train/ID210865340.jpg,2015-07-01,Tas,Ryegrass,0.08278226759886395,-0.350115758470743,0.0,9.0731,12.9966,22.0697,12.9966,2.6388144429778304,2.3098685044403044,0.0,2.6388144429778304,3.1385200681999406,7,-0.4999999999999997,-0.8660254037844388,1,10
train/ID212206250.jpg,2015-07-08,WA,Clover,-2.3525651103819607,-0.6422046155140673,7.32,0.0,2.4,9.72,9.72,1.2237754316221157,0.0,2.1186622548331173,2.372111155642656,2.372111155642656,7,-0.4999999999999997,-0.8660254037844388,3,0
train/ID212206832.jpg,2015-06-26,Vic,Ryegrass,0.6093438628379608,-0.44747871081851776,0.7014,13.3262,5.6924,19.72,6.3938,1.9009725542013713,2.662090028725831,0.531451441559647,2.0006418111899955,3.031099417391282,6,1.2246467991473532e-16,-1.0,2,10
train/ID2125100696.jpg,2015-08-14,Vic,Phalaris_Clover,0.9384448598623969,-0.2527528061229683,14.8364,4.9455,34.6182,54.4,49.4545,3.5728567431764624,1.7826346308954966,2.762311087828647,3.9210719400467573,4.014579593753238,8,-0.8660254037844384,-0.5000000000000004,2,7
train/ID2131261930.jpg,2015-11-09,Tas,Ryegrass_Clover,0.4777034640281865,-0.30143428229685565,6.744,42.7122,31.4721,80.9283,38.2161,3.480381259108105,3.777627239340493,2.046918349974276,3.6690873767621057,4.405844474518214,11,-0.5000000000000004,0.8660254037844384,1,11
train/ID21377800.jpg,2015-06-26,Tas,Ryegrass_Clover,-0.4437793276402337,-0.350115758470743,0.48,28.3224,9.1208,37.9232,9.6008,2.3145927121183227,3.3783517290572944,0.3920420877760237,2.3609294699682892,3.6615904738762657,6,1.2246467991473532e-16,-1.0,1,11
train/ID2145635095.jpg,2015-07-01,Tas,Ryegrass,0.4777034640281865,-0.15538985377519354,0.0,17.5621,22.7022,40.2643,22.7022,3.1655678708371453,2.9211218675091906,0.0,3.1655678708371453,3.7199977193723512,7,-0.4999999999999997,-0.8660254037844388,1,10
train/ID227847873.jpg,2015-09-29,Vic,Ryegrass_Clover,0.346063065218412,-0.44747871081851776,8.6387,7.5836,23.9377,40.16,32.5764,3.216380714668047,2.1498534059202012,2.265786244756948,3.513823439231712,3.717466910965849,9,-1.0,-1.8369701987210297e-16,2,11
train/ID230058600.jpg,2015-08-21,WA,Clover,0.08278226759886395,-0.44747871081851776,46.83,0.0,0.0,46.83,46.83,0.0,0.0,3.8676530576922055,3.8676530576922055,3.8676530576922055,8,-0.8660254037844384,-0.5000000000000004,3,0
train/ID249042826.jpg,2015-09-04,Tas,Clover,-0.8387005240695562,-0.46370911497489176,10.6616,3.8769,1.8,16.3385,12.4615,1.0296194171811583,1.5845097721092494,2.456301392777666,2.5998337593150387,2.8529294624202945,9,-1.0,-1.8369701987210297e-16,1,0
train/ID257822026.jpg,2015-11-10,Tas,Ryegrass_Clover,-0.4437793276402337,-0.041796497271044786,0.0,58.125,24.0,82.125,24.0,3.2188758248682006,4.079653846812097,0.0,3.2188758248682006,4.420345498976018,11,-0.5000000000000004,0.8660254037844384,1,11
train/ID290369222.jpg,2015-05-18,Tas,Ryegrass,1.267545856886832,0.03933605092035594,0.0,11.4741,40.8478,52.3219,40.8478,3.734039226855972,2.5236544947464807,0.0,3.734039226855972,3.9763471285841123,5,0.49999999999999994,-0.8660254037844387,1,10
train/ID294150104.jpg,2015-09-29,Vic,Ryegrass_Clover,0.8068044610526225,-0.44747871081851776,13.9876,3.167,20.5855,37.74,34.573,3.072021792973576,1.4271963524403164,2.7072231925582293,3.5715869231404596,3.65687265797885,9,-1.0,-1.8369701987210297e-16,2,11
train/ID307060225.jpg,2015-06-26,Tas,Ryegrass_Clover,-0.8387005240695562,-0.5448416631662925,0.3031,15.6092,14.2453,30.1575,14.5484,2.7242712588297393,2.8099567587085197,0.26474604116872325,2.7439577394406283,3.439054986718395,6,1.2246467991473532e-16,-1.0,1,11
train/ID315357834.jpg,2015-07-01,Tas,Ryegrass,1.1359054580770578,-0.15538985377519354,0.0,5.7792,27.2448,33.024,27.2448,3.3409093698528816,1.9138591008901578,0.0,3.3409093698528816,3.5270661579513325,7,-0.4999999999999997,-0.8660254037844388,1,10
train/ID317990700.jpg,2015-09-04,Tas,Ryegrass_Clover,0.6093438628379608,-0.20407132994908092,0.0,38.1288,27.5062,65.635,27.5062,3.3501216074750197,3.6668587687446674,0.0,3.3501216074750197,4.19922996503169,9,-1.0,-1.8369701987210297e-16,1,11
train/ID325799913.jpg,2015-10-13,Vic,Phalaris_BarleyGrass_SilverGrass_SpearGrass_Clover_Capeweed,-1.8918237145477508,-0.4280061203489628,2.797,19.2502,11.3527,33.4,14.1498,2.5138746626611366,3.0081646700469853,1.3342112812496654,2.717987330548108,3.5380565643793527,10,-0.8660254037844386,0.5000000000000001,2,6
train/ID332742639.jpg,2015-08-18,Vic,Phalaris_Clover,0.7409842616477352,-0.49616018699240516,6.4127,3.3949,19.9924,29.8,26.4051,3.0441604674581852,1.4804447777497287,2.003194745410104,3.3107291274605886,3.427514689979529,8,-0.8660254037844384,-0.5000000000000004,2,7
train/ID342818398.jpg,2015-09-29,Vic,Ryegrass_Clover,0.4118832646232993,-0.44747871081851776,24.0237,3.1815,13.8948,41.1,37.9185,2.7010121587504927,1.4306700338394434,3.2198233757999897,3.6614697159790017,3.7400477406883357,9,-1.0,-1.8369701987210297e-16,2,11
train/ID344618040.jpg,2015-05-18,Tas,Ryegrass,-0.3779591282353465,-0.350115758470743,0.0,6.7327,14.9081,21.6408,14.9081,2.766828413471022,2.045458090098725,0.0,2.766828413471022,3.119753588399737,5,0.49999999999999994,-0.8660254037844387,1,10
train/ID353424190.jpg,2015-02-25,NSW,Fescue,-1.6285429169282022,-0.15538985377519354,0.0,6.2143,22.7857,29.0,22.7857,3.1690845597644044,1.97606516742206,0.0,3.1690845597644044,3.4011973816621555,2,0.8660254037844386,0.5000000000000001,0,1
train/ID353997899.jpg,2015-06-30,Vic,Phalaris_Clover,0.14860246700375115,-0.44747871081851776,9.5934,35.7574,7.8492,53.2,17.4426,2.1803270594536945,3.60433956593275,2.360231165686863,2.9146632060199904,3.9926809084456005,6,1.2246467991473532e-16,-1.0,2,7
train/ID354528442.jpg,2015-02-24,NSW,Ryegrass,0.14860246700375115,0.23406195561590543,0.0,8.3077,56.4923,64.8,56.4923,4.051651025792674,2.230842014581144,0.0,4.051651025792674,4.186619838331271,2,0.8660254037844386,0.5000000000000001,0,10
train/ID363069566.jpg,2015-05-19,Tas,Ryegrass_Clover,0.14860246700375115,-0.44747871081851776,0.2,5.5,12.5,18.2,12.7,2.6026896854443837,1.8718021769015913,0.18232155679395465,2.617395832834079,2.954910279033736,5,0.49999999999999994,-0.8660254037844387,1,11
train/ID364856705.jpg,2015-09-03,Tas,Ryegrass_Clover,1.267545856886832,-0.4150276388010044,2.7638,4.6064,34.0871,41.4573,36.8509,3.5578335415517692,1.7239088023198805,1.3254290853486155,3.6336547576720983,3.748498864992747,9,-1.0,-1.8369701987210297e-16,1,11
train/ID380752847.jpg,2015-09-01,WA,Ryegrass,1.0042650592672842,0.6235137650070044,0.0,0.0,58.98,58.98,58.98,4.094011173320863,0.0,0.0,4.094011173320863,4.094011173320863,9,-1.0,-1.8369701987210297e-16,3,10
train/ID383231615.jpg,2015-06-26,Vic,Phalaris_Ryegrass_Clover,1.3333660562917193,-0.350115758470743,3.1698,5.7057,24.7245,33.6,27.8943,3.2474438451852583,1.9029579109860875,1.4278680730298188,3.3636443438317203,3.543853682063679,6,1.2246467991473532e-16,-1.0,2,9
train/ID384648061.jpg,2015-10-06,NSW,Fescue,1.267545856886832,0.6884256453372659,0.0,27.7164,157.9836,185.7,157.9836,5.068801052246368,3.3574683881338676,0.0,5.068801052246368,5.2295030505476765,10,-0.8660254037844386,0.5000000000000001,0,1
train/ID386216505.jpg,2015-08-14,Vic,Phalaris_Clover,-0.18049853002068486,-0.350115758470743,3.0667,7.6667,21.4667,32.2,24.5333,3.112034212928576,2.159488095499822,1.4028318597588196,3.239983482594555,3.502549875922443,8,-0.8660254037844384,-0.5000000000000004,2,7
train/ID397994621.jpg,2015-05-07,NSW,Fescue,1.3333660562917193,0.1366990032681307,0.0,0.0,81.0,81.0,81.0,4.406719247264253,0.0,0.0,4.406719247264253,4.406719247264253,5,0.49999999999999994,-0.8660254037844387,0,1
train/ID407646960.jpg,2015-02-25,NSW,Fescue,-0.4437793276402337,0.3314249079636802,0.0,35.5862,71.9138,107.5,71.9138,4.289277921511073,3.5996711201260774,0.0,4.289277921511073,4.686750172980514,2,0.8660254037844386,0.5000000000000001,0,1
train/ID40849327.jpg,2015-08-21,WA,Clover,1.0042650592672842,-0.350115758470743,51.97,0.0,0.0,51.97,51.97,0.0,0.0,3.9697257155564354,3.9697257155564354,3.9697257155564354,8,-0.8660254037844384,-0.5000000000000004,3,0
train/ID415656958.jpg,2015-06-26,Vic,Ryegrass,0.346063065218412,-0.350115758470743,1.0707,11.2424,4.8182,17.1313,5.8889,1.7609909355564186,2.5049053362946894,0.727886714363842,1.9299114206107972,2.897639726553544,6,1.2246467991473532e-16,-1.0,2,10
train/ID423506847.jpg,2015-08-18,Vic,Phalaris_Clover,1.201725657481945,-0.2527528061229683,0.9821,10.8036,43.2143,55.0,44.1964,3.7890482661710623,2.4684045696884938,0.6841568887218127,3.811017437648574,4.02535169073515,8,-0.8660254037844384,-0.5000000000000004,2,7
train/ID429799190.jpg,2015-10-13,Vic,Phalaris_BarleyGrass_SilverGrass_SpearGrass_Clover_Capeweed,-1.4310823187135406,-0.30143428229685565,5.9241,21.8114,16.9645,44.7,22.8886,2.8883975882828157,3.127260411002046,1.935008079728446,3.1734013576950666,3.822098297900159,10,-0.8660254037844386,0.5000000000000001,2,6
train/ID431471530.jpg,2015-04-01,NSW,Lucerne,0.8068044610526225,2.3760469072669497,0.0,1.2764,45.5236,46.8,45.5236,3.8399597107268235,0.8225952477468318,0.0,3.8399597107268235,3.86702563949741,4,0.8660254037844387,-0.4999999999999998,0,3
train/ID443091455.jpg,2015-10-14,Vic,Phalaris_Clover_Ryegrass_Barleygrass_Bromegrass,0.01696206819397675,-0.28520387814048165,22.2594,11.9858,26.2547,60.5,48.5142,3.3052259833010145,2.5638564527664016,3.1467093514009767,3.902259497122559,4.119037174812473,10,-0.8660254037844386,0.5000000000000001,2,8
train/ID4464212.jpg,2015-05-18,Tas,Ryegrass,1.3991862556966066,-0.15538985377519354,2.3192,8.1172,28.4103,38.8467,30.7295,3.3813449531259145,2.2101627394028456,1.199723790036521,3.4572468475131775,3.685039591267719,5,0.49999999999999994,-0.8660254037844387,1,10
train/ID471758347.jpg,2015-08-14,Vic,Phalaris_Clover,0.5435236634330737,-0.15538985377519354,0.0,3.3222,26.5778,29.9,26.5778,3.3170111012357357,1.4637645318867893,0.0,3.3170111012357357,3.4307561839036995,8,-0.8660254037844384,-0.5000000000000004,2,7
train/ID473494649.jpg,2015-09-01,WA,SubcloverDalkeith,-0.7728803246646689,-0.6422046155140673,10.88,0.0,0.0,10.88,10.88,0.0,0.0,2.474856313934499,2.474856313934499,2.474856313934499,9,-1.0,-1.8369701987210297e-16,3,12
train/ID475010202.jpg,2015-09-01,WA,SubcloverLosa,0.346063065218412,-0.6422046155140673,36.76,0.0,0.0,36.76,36.76,0.0,0.0,3.6312503412773,3.6312503412773,3.6312503412773,9,-1.0,-1.8369701987210297e-16,3,13
train/ID482555369.jpg,2015-07-01,Tas,Ryegrass,-2.089284312762412,-0.44747871081851776,0.0,15.9,2.5,18.4,2.5,1.252762968495368,2.827313621929028,0.0,1.252762968495368,2.9652730660692823,7,-0.4999999999999997,-0.8660254037844388,1,10
train/ID48303557.jpg,2015-06-26,Tas,Ryegrass_Clover,0.9384448598623969,-0.350115758470743,0.0,13.2399,60.0887,73.3286,60.0887,4.112326906356679,2.656047883487262,0.0,4.112326906356679,4.308495803634489,6,1.2246467991473532e-16,-1.0,1,11
train/ID488873801.jpg,2015-06-26,Tas,Ryegrass_Clover,-0.24631872942557206,-0.5448416631662925,0.7552,8.3076,22.9088,31.9716,23.664,3.1742465920049914,2.2308312707306555,0.5625828105388287,3.2053446905838494,3.495646584871874,6,1.2246467991473532e-16,-1.0,1,11
train/ID490139972.jpg,2015-05-18,Tas,Ryegrass,0.8726246604575096,0.1366990032681307,0.0,9.9537,35.9864,45.9401,35.9864,3.6105502775071403,2.3936772987306947,0.0,3.6105502775071403,3.8488723207998157,5,0.49999999999999994,-0.8660254037844387,1,10
train/ID498304885.jpg,2015-05-07,NSW,Lucerne,0.08278226759886395,1.5971432884847518,0.0,7.4132,22.4868,29.9,22.4868,3.1564385612087147,2.1298019010187854,0.0,3.1564385612087147,3.4307561839036995,5,0.49999999999999994,-0.8660254037844387,0,3
train/ID50027657.jpg,2015-08-14,Vic,Phalaris_Clover,0.6751640622428481,-0.350115758470743,7.2429,3.6214,39.8357,50.7,47.0786,3.709556698820777,1.5306976894922688,2.1093522237519835,3.8728371716665717,3.9454577815143836,8,-0.8660254037844384,-0.5000000000000004,2,7
train/ID520514019.jpg,2015-07-02,Vic,Ryegrass_Clover,0.4777034640281865,-0.44747871081851776,1.687,3.3739,14.3391,19.4,16.0261,2.730405124074534,1.4756550596246867,0.9884253296333542,2.8347474608147567,3.0155349008501706,7,-0.4999999999999997,-0.8660254037844388,2,11
train/ID528010569.jpg,2015-08-18,Vic,Phalaris_Clover,1.267545856886832,-0.369588348940298,7.1746,7.1746,30.8508,45.2,38.0254,3.461062499442131,2.1010317859226135,2.1010317859226135,3.6642127161888127,3.832979798087693,8,-0.8660254037844384,-0.5000000000000004,2,7
train/ID529933668.jpg,2015-08-18,Vic,Phalaris_Clover,1.0700852586721705,-0.12618096807086113,4.0159,7.2286,39.3556,50.6,43.3714,3.6977301707118984,2.1076158908627263,1.6126128669277442,3.792595117744063,3.9435216724875173,8,-0.8660254037844384,-0.5000000000000004,2,7
train/ID534966093.jpg,2015-08-14,Vic,Ryegrass_Clover,0.6093438628379608,-0.350115758470743,7.6364,7.6364,26.7273,42.0,34.3636,3.3224174874151147,2.1559858293196217,2.1559858293196217,3.565683042541912,3.7612001156935624,8,-0.8660254037844384,-0.5000000000000004,2,11
train/ID54128926.jpg,2015-11-10,Tas,Ryegrass_Clover,0.7409842616477352,-0.07425730558379282,0.0,24.4653,39.1446,63.6099,39.1446,3.692487935706076,3.2373167411428856,0.0,3.692487935706076,4.1683676498208495,11,-0.5000000000000004,0.8660254037844384,1,11
train/ID544444725.jpg,2015-10-06,NSW,Fescue,-0.4437793276402337,0.5261508126592297,0.0,44.5775,60.9225,105.5,60.9225,4.125883603143439,3.819414173695483,0.0,4.125883603143439,4.66814498514948,10,-0.8660254037844386,0.5000000000000001,0,1
train/ID545360459.jpg,2015-09-01,WA,Ryegrass,0.346063065218412,0.23406195561590543,0.0,0.0,47.73,47.73,47.73,3.8862948568554145,0.0,0.0,3.8862948568554145,3.8862948568554145,9,-1.0,-1.8369701987210297e-16,3,10
train/ID550623196.jpg,2015-09-03,Tas,Ryegrass_Clover,0.08278226759886395,-0.5935231393401799,1.581,4.1107,15.9684,21.6601,17.5494,2.831352790770474,1.6313363811352162,0.9481769207364767,2.920437443516856,3.120605668652788,9,-1.0,-1.8369701987210297e-16,1,11
train/ID552040066.jpg,2015-02-24,NSW,Phalaris,-1.8918237145477508,-0.0580269014274188,0.0,6.592,24.108,30.7,24.108,3.223186520455285,2.0270950613076266,0.0,3.223186520455285,3.456316680883235,2,0.8660254037844386,0.5000000000000001,0,5
train/ID554314721.jpg,2015-01-15,NSW,Lucerne,0.21442266640863764,4.031217097179121,0.0,2.7,50.9,53.6,50.9,3.949318790171843,1.308332819650179,0.0,3.949318790171843,4.000033882750859,1,0.49999999999999994,0.8660254037844387,0,3
train/ID560946727.jpg,2015-09-11,Tas,Ryegrass,0.5435236634330737,-0.38256683048825635,0.0,13.0842,21.0896,34.1738,21.0896,3.0951069095270194,2.6450536017031983,0.0,3.0951069095270194,3.5603014872799252,9,-1.0,-1.8369701987210297e-16,1,10
train/ID566966892.jpg,2015-07-01,Vic,Phalaris_Clover,0.01696206819397675,-0.44747871081851776,0.9714,3.8857,15.5429,20.4,16.5143,2.805957006753801,1.5863125710323631,0.6787439502492015,2.8630176901071502,3.0633909220278057,7,-0.4999999999999997,-0.8660254037844388,2,7
train/ID567744300.jpg,2015-09-03,Tas,Ryegrass_Clover,-0.575419726450008,-0.5123905911487792,0.0,2.1953,20.6355,22.8308,20.6355,3.0743354841100543,1.1616809801350927,0.0,3.0743354841100543,3.1709788616759824,9,-1.0,-1.8369701987210297e-16,1,11
train/ID572336285.jpg,2015-11-09,Tas,Ryegrass_Clover,0.14860246700375115,-0.44747871081851776,22.5242,26.1571,18.8913,67.5726,41.4155,2.9902824502071677,3.3016385223210443,3.158029678517018,3.747513861472664,4.227893038034038,11,-0.5000000000000004,0.8660254037844384,1,11
train/ID574213894.jpg,2015-11-10,Tas,Ryegrass_Clover,1.4650064551014939,0.03933605092035594,31.2684,28.8632,25.6561,85.7877,56.9246,3.2830180174779957,3.3966269531473943,3.4740884231798717,4.059142164813371,4.4634649065560685,11,-0.5000000000000004,0.8660254037844384,1,11
train/ID576137678.jpg,2015-07-01,Tas,Ryegrass,-0.4437793276402337,-0.350115758470743,0.0,33.0159,12.6389,45.6548,12.6389,2.6129260040020297,3.5268280623621777,0.0,2.6129260040020297,3.842775815890815,7,-0.4999999999999997,-0.8660254037844388,1,10
train/ID576621307.jpg,2015-01-15,NSW,Lucerne,0.4777034640281865,5.394298430047967,0.0,2.4,60.2,62.6,60.2,4.11414718951828,1.2237754316221157,0.0,4.11414718951828,4.152613470346076,1,0.49999999999999994,0.8660254037844387,0,3
train/ID577112774.jpg,2015-09-01,WA,SubcloverDalkeith,-1.101981321689105,-0.6422046155140673,10.23,0.0,0.0,10.23,10.23,0.0,0.0,2.418588768750352,2.418588768750352,2.418588768750352,9,-1.0,-1.8369701987210297e-16,3,12
train/ID587125778.jpg,2015-06-29,Tas,WhiteClover,-0.7728803246646689,-0.5448416631662925,4.0911,25.3648,1.6364,31.0923,5.7275,0.9694143501964279,3.2720297871391337,1.6274939172336713,1.9062036036189238,3.468616125971859,6,1.2246467991473532e-16,-1.0,1,14
train/ID588120964.jpg,2015-10-06,NSW,Fescue,0.14860246700375115,0.9805145023805898,0.0,35.1746,83.9254,119.1,83.9254,4.441773224073825,3.588357215096359,0.0,4.441773224073825,4.788324729085938,10,-0.8660254037844386,0.5000000000000001,0,1
train/ID600602588.jpg,2015-08-14,Vic,Phalaris_Clover,0.4777034640281865,-0.350115758470743,2.1111,2.1111,33.7778,38.0,35.8889,3.5489792521813652,1.1349763614040356,1.1349763614040356,3.607910692785043,3.6635616461296463,8,-0.8660254037844384,-0.5000000000000004,2,7
train/ID605134229.jpg,2015-06-26,Tas,Ryegrass_Clover,-0.18049853002068486,-0.5448416631662925,3.6166,3.6166,3.3755,10.6087,6.9921,1.4760207989937488,1.5296585034277608,1.5296585034277608,2.0784535537804842,2.451754817002865,6,1.2246467991473532e-16,-1.0,1,11
train/ID610397481.jpg,2015-07-08,WA,Clover,-0.24631872942557206,-0.6422046155140673,20.6513,0.0,3.0787,23.73,23.73,1.4057783101925785,0.0,3.075065498835175,3.208017081533325,3.208017081533325,7,-0.4999999999999997,-0.8660254037844388,3,0
train/ID617132135.jpg,2015-05-19,Tas,Ryegrass_Clover,-1.2336217204988793,-0.44747871081851776,0.8,4.7,11.1,16.6,11.9,2.4932054526026954,1.7404661748405046,0.5877866649021191,2.5572273113676265,2.8678989020441064,5,0.49999999999999994,-0.8660254037844387,1,11
train/ID61833032.jpg,2015-06-30,Vic,Phalaris_Clover,0.9384448598623969,-0.27222539659252326,0.0,19.6123,41.4877,61.1,41.4877,3.7492146222779983,3.025887984988432,0.0,3.7492146222779983,4.128745988939433,6,1.2246467991473532e-16,-1.0,2,7
train/ID6269659.jpg,2015-11-09,Tas,Clover,0.6093438628379608,-0.2689832102793423,35.9533,16.3424,2.3346,54.6304,38.2879,1.2043527321442216,2.8531543700793485,3.609654953284535,3.6709165834272492,4.018729814426262,11,-0.5000000000000004,0.8660254037844384,1,0
train/ID629980789.jpg,2015-07-01,Vic,Phalaris_Clover,0.7409842616477352,-0.15538985377519354,1.6069,8.0345,36.9586,46.6,38.5655,3.6364960921343172,2.2010505821697484,0.9581617759494612,3.677957526413379,3.8628327612373745,7,-0.4999999999999997,-0.8660254037844388,2,7
train/ID633775166.jpg,2015-10-13,Vic,Phalaris_BarleyGrass_SilverGrass_SpearGrass_Clover_Capeweed,-1.9576439139526378,-0.3209068727664106,2.812,23.277,7.8111,33.9,10.623,2.17601229026974,3.18952940007297,1.3381539857919555,2.452985893661571,3.5524868292083815,10,-0.8660254037844386,0.5000000000000001,2,6
train/ID638711343.jpg,2015-05-18,Tas,Ryegrass,0.6751640622428481,-0.0580269014274188,0.0,4.3212,31.3284,35.6496,31.3285,3.475946100874582,1.6716988418276135,0.0,3.475949194125264,3.60140251422126,5,0.49999999999999994,-0.8660254037844387,1,10
train/ID656251220.jpg,2015-09-11,Tas,Ryegrass,-0.5095995270451209,-0.46370911497489176,3.7538,5.3961,6.3606,15.5104,10.1143,1.9961414511571989,1.8556884296212184,1.5589442982171142,2.4082325674752503,2.803990485379313,9,-1.0,-1.8369701987210297e-16,1,10
train/ID657448172.jpg,2015-06-29,Tas,WhiteClover,-1.7601833157379763,-0.6422046155140673,1.6,2.9,0.2,4.7,1.8,0.18232155679395465,1.3609765531356006,0.9555114450274363,1.0296194171811583,1.7404661748405046,6,1.2246467991473532e-16,-1.0,1,14
train/ID661372352.jpg,2015-07-08,WA,Clover,-2.6158459080015093,-0.6422046155140673,0.0,0.0,10.4,10.4,10.4,2.4336133554004498,0.0,0.0,2.4336133554004498,2.4336133554004498,7,-0.4999999999999997,-0.8660254037844388,3,0
train/ID661817669.jpg,2015-07-01,Vic,Phalaris_Clover,0.2802428658135248,-0.44747871081851776,1.4577,13.1192,23.3231,37.9,24.7808,3.1914265160799884,2.647535573236219,0.8992259532475628,3.2496300288371676,3.6609942506244004,7,-0.4999999999999997,-0.8660254037844388,2,7
train/ID663006174.jpg,2015-01-15,NSW,Lucerne,0.01696206819397675,4.031217097179121,0.0,5.8,44.6,50.4,44.6,3.8199077165203406,1.916922612182061,0.0,3.8199077165203406,3.9396381724611196,1,0.49999999999999994,0.8660254037844387,0,3
train/ID667059550.jpg,2015-08-14,Vic,Phalaris_Clover,0.8726246604575096,0.1366990032681307,8.1529,8.1529,52.9941,69.3,61.1471,3.9888747813357877,2.2140707689633032,2.2140707689633032,4.129504155564749,4.252771798816619,8,-0.8660254037844384,-0.5000000000000004,2,7
train/ID668330410.jpg,2015-09-11,Tas,Ryegrass,1.0700852586721705,-0.22030173410545492,0.0,19.0828,28.9181,48.0009,28.9181,3.3984636484160995,2.99986372733344,0.0,3.3984636484160995,3.891838665288888,9,-1.0,-1.8369701987210297e-16,1,10
train/ID668475812.jpg,2015-05-07,NSW,Lucerne,0.8068044610526225,3.349676430744697,0.0,52.9301,34.0699,87.0,34.0699,3.557343212708044,3.987688763602933,0.0,3.557343212708044,4.477336814478207,5,0.49999999999999994,-0.8660254037844387,0,3
train/ID670276799.jpg,2015-01-15,NSW,Fescue_CrumbWeed,0.01696206819397675,-0.15538985377519354,0.0,23.1943,21.9057,45.1,21.9057,3.1313857878846063,3.1861170682293176,0.0,3.1313857878846063,3.8308129500026027,1,0.49999999999999994,0.8660254037844387,0,2
train/ID679913293.jpg,2015-06-26,Tas,Ryegrass_Clover,-0.8387005240695562,-0.44747871081851776,0.2146,14.3782,6.6526,21.2454,6.8672,2.035045459377009,2.732950922117822,0.19441480448133794,2.062702217675538,3.1021352456652305,6,1.2246467991473532e-16,-1.0,1,11
train/ID681680726.jpg,2015-08-21,WA,Clover,0.01696206819397675,-0.6422046155140673,45.85,0.0,0.0,45.85,45.85,0.0,0.0,3.846951008684431,3.846951008684431,3.846951008684431,8,-0.8660254037844384,-0.5000000000000004,3,0
train/ID684062938.jpg,2015-10-06,NSW,Fescue,-0.3779591282353465,0.6559648370245177,0.0,33.5863,73.0137,106.6,73.0137,4.304250211203911,3.5434576498960655,0.0,4.304250211203911,4.678420647727684,10,-0.8660254037844386,0.5000000000000001,0,1
train/ID684383343.jpg,2015-10-14,Vic,Phalaris_Clover_Ryegrass_Barleygrass_Bromegrass,-1.1678015210939923,-0.30143428229685565,11.7404,16.7719,19.2877,47.8,31.0281,3.01001479107924,2.877618558229112,2.5447780468253907,3.4666136424735288,3.8877303128591016,10,-0.8660254037844386,0.5000000000000001,2,8
train/ID686797154.jpg,2015-09-03,Tas,Ryegrass_Clover,0.9384448598623969,-0.49616018699240516,3.5026,5.2539,23.6424,32.3988,27.145,3.204468536519397,1.8332052691412624,1.5046550077047365,3.33736971891599,3.508519971193511,9,-1.0,-1.8369701987210297e-16,1,11
train/ID697059386.jpg,2015-06-29,Tas,WhiteClover,0.08278226759886395,-0.5448416631662925,10.9589,7.8827,0.769,19.6107,11.728,0.5704144151776482,2.1841055648430667,2.4814757710485402,2.5438042910354857,3.0258103584207006,6,1.2246467991473532e-16,-1.0,1,14
train/ID697718693.jpg,2015-08-21,WA,Clover,1.0042650592672842,-0.350115758470743,58.88,0.0,0.0,58.88,58.88,0.0,0.0,4.092342559551428,4.092342559551428,4.092342559551428,8,-0.8660254037844384,-0.5000000000000004,3,0
train/ID698608346.jpg,2015-02-25,NSW,Fescue,-0.7070601252597818,0.03933605092035594,0.0,19.8809,38.5191,58.4,38.5191,3.676784099341,3.038834865533787,0.0,3.676784099341,4.084294226368599,2,0.8660254037844386,0.5000000000000001,0,1
train/ID706288721.jpg,2015-07-01,Tas,Ryegrass,0.9384448598623969,-0.0580269014274188,0.0,8.8161,27.0782,35.8943,27.0781,3.3349934745388508,2.2840238948057814,0.0,3.3349899130506473,3.608057067569808,7,-0.4999999999999997,-0.8660254037844388,1,10
train/ID710341728.jpg,2015-01-15,NSW,Fescue_CrumbWeed,1.201725657481945,0.3314249079636802,0.0,7.9809,53.5191,61.5,53.5191,3.998551098988483,2.1951001000092965,0.0,3.998551098988483,4.135166556742356,1,0.49999999999999994,0.8660254037844387,0,2
train/ID71885430.jpg,2015-02-25,NSW,Fescue,0.14860246700375115,1.0129655743981032,0.0,18.566,79.834,98.4,79.834,4.392397669098099,2.973793366035237,0.0,4.392397669098099,4.599152113662528,2,0.8660254037844386,0.5000000000000001,0,1
train/ID72895391.jpg,2015-07-02,Vic,Ryegrass_Clover,0.2802428658135248,-0.5448416631662925,1.9867,3.9733,8.94,14.9,10.9267,2.2965670206684825,1.6040836036721753,1.0941690989707349,2.4787795842660203,2.766319109226186,7,-0.4999999999999997,-0.8660254037844388,2,11
train/ID740402124.jpg,2015-09-30,Vic,Phalaris_Clover,0.6751640622428481,0.03933605092035594,18.1624,6.3568,40.0708,64.59,58.2332,3.715297406717153,1.9956250555867254,2.9529500256585495,4.081482195505156,4.183423245305645,9,-1.0,-1.8369701987210297e-16,2,7
train/ID742198710.jpg,2015-05-18,Tas,Ryegrass,1.1359054580770578,0.23406195561590543,0.0,13.8443,40.1485,53.9928,40.1485,3.7171874744538282,2.697615953180062,0.0,3.7171874744538282,4.007202267572219,5,0.49999999999999994,-0.8660254037844387,1,10
train/ID743847993.jpg,2015-06-30,Vic,Phalaris_Clover,1.0042650592672842,-0.2916979870620782,0.0,17.6378,32.5622,50.2,32.5622,3.5134004336816482,2.925191776540785,0.0,3.5134004336816482,3.9357395320454622,6,1.2246467991473532e-16,-1.0,2,7
train/ID746335827.jpg,2015-10-06,NSW,Fescue,0.6093438628379608,1.6295943605022651,0.0,53.2603,112.8397,166.1,112.8397,4.734791318500542,3.9937928361502597,0.0,4.734791318500542,5.118592435601348,10,-0.8660254037844386,0.5000000000000001,0,1
train/ID748979397.jpg,2015-11-09,Tas,Clover,0.7409842616477352,-0.36634616262711706,43.2687,18.1125,0.0,61.3813,43.2687,0.0,2.9503425712551805,3.790277881054242,3.790277881054242,4.133265550975332,11,-0.5000000000000004,0.8660254037844384,1,0
train/ID750820644.jpg,2015-05-18,Tas,Ryegrass,0.5435236634330737,-0.2527528061229683,0.0,38.9588,28.2559,67.2147,28.2558,3.376081262738969,3.6878489232994123,0.0,3.3760778446191737,4.222660084145458,5,0.49999999999999994,-0.8660254037844387,1,10
train/ID751517087.jpg,2015-08-18,Vic,Phalaris_Clover,1.3333660562917193,-0.2332802156534133,16.73,11.95,43.02,71.7,59.75,3.7846440760983158,2.5610957881455465,2.8752581200861167,4.1067670822206574,4.286341384539473,8,-0.8660254037844384,-0.5000000000000004,2,7
train/ID753699705.jpg,2015-02-24,NSW,Ryegrass,0.5435236634330737,0.5261508126592297,0.0,8.1541,72.6459,80.8,72.6459,4.299268472655753,2.21420186635793,0.0,4.299268472655753,4.404277243608702,2,0.8660254037844386,0.5000000000000001,0,10
train/ID755710743.jpg,2015-09-11,Tas,Ryegrass,0.08278226759886395,-0.5448416631662925,2.1841,8.2099,8.4829,18.877,10.667,2.249490176659867,2.220278992444969,1.158169674524122,2.4567643438417197,2.989563284408462,9,-1.0,-1.8369701987210297e-16,1,10
train/ID761508093.jpg,2015-06-26,Vic,Mixed,0.01696206819397675,-0.350115758470743,0.0,30.8,20.5333,51.3333,20.5333,3.0696005741316323,3.459466289786131,0.0,3.0696005741316323,3.9576328797373206,6,1.2246467991473532e-16,-1.0,2,4
train/ID779628955.jpg,2015-09-01,WA,SubcloverLosa,0.8726246604575096,-0.6422046155140673,47.32,0.0,0.0,47.32,47.32,0.0,0.0,3.8778455536265595,3.8778455536265595,3.8778455536265595,9,-1.0,-1.8369701987210297e-16,3,13
train/ID7850481.jpg,2015-09-01,WA,SubcloverLosa,0.21442266640863764,-0.6422046155140673,19.57,0.0,0.0,19.57,19.57,0.0,0.0,3.0238337036648657,3.0238337036648657,3.0238337036648657,9,-1.0,-1.8369701987210297e-16,3,13
train/ID786365141.jpg,2015-05-18,Tas,Ryegrass,-1.6285429169282022,-0.44747871081851776,0.0,3.3,6.8,10.1,6.8,2.0541237336955462,1.4586150226995167,0.0,2.0541237336955462,2.4069451083182885,5,0.49999999999999994,-0.8660254037844387,1,10
train/ID789169173.jpg,2015-04-01,NSW,Lucerne,1.3333660562917193,2.8628616690058233,0.0,1.2264,77.8736,79.1,77.8736,4.367846571100047,0.8003859312295439,0.0,4.367846571100047,4.383275854074314,4,0.8660254037844387,-0.4999999999999998,0,3
train/ID793526563.jpg,2015-09-29,Vic,Ryegrass_Clover,1.0700852586721705,1.0129655743981032,16.7414,4.5597,86.0889,107.39,102.8303,4.466929436012871,1.7155441499722364,2.875900891467708,4.64275783564953,4.685735833827659,9,-1.0,-1.8369701987210297e-16,2,11
train/ID797502182.jpg,2015-07-01,Tas,Ryegrass,-1.496902518118428,-0.44747871081851776,0.0,12.6079,6.9746,19.5825,6.9746,2.076261490673205,2.6106505064480996,0.0,2.076261490673205,3.024441200190444,7,-0.4999999999999997,-0.8660254037844388,1,10
train/ID799079114.jpg,2015-07-01,Tas,Ryegrass,-0.8387005240695562,-0.350115758470743,0.0,19.7501,8.0022,27.7523,8.0022,2.1974689919089885,3.032551065942203,0.0,2.1974689919089885,3.35871776404353,7,-0.4999999999999997,-0.8660254037844388,1,10
train/ID802547515.jpg,2015-05-19,Tas,Ryegrass_Clover,0.5435236634330737,-0.350115758470743,0.7525,14.5984,18.9629,34.3138,19.7154,2.993875550910826,2.74716834489287,0.561043339926608,3.0308773850219124,3.5642738223883272,5,0.49999999999999994,-0.8660254037844387,1,11
train/ID803479541.jpg,2015-06-26,Tas,Ryegrass_Clover,-0.7070601252597818,-0.5448416631662925,1.0483,22.5374,16.2479,39.8335,17.2961,2.8476903969361245,3.1585906454346815,0.7170101808244729,2.9066879223811006,3.7095028229409954,6,1.2246467991473532e-16,-1.0,1,11
train/ID808079729.jpg,2015-09-03,Tas,Ryegrass_Clover,0.7409842616477352,-0.46370911497489176,5.6976,8.5464,22.1574,36.4014,27.855,3.142314383881297,2.256164120073309,1.9017492532695437,3.3622832881629297,3.6217081368749633,9,-1.0,-1.8369701987210297e-16,1,11
train/ID808093827.jpg,2015-11-10,Tas,Ryegrass_Clover,1.5966468539112681,-0.31766468645322965,19.6769,6.4251,25.2988,51.4008,44.9757,3.2695233107663326,2.0048661526115383,3.0290171351154065,3.8281129960405984,3.958921858386027,11,-0.5000000000000004,0.8660254037844384,1,11
train/ID8209776.jpg,2015-06-26,Vic,Phalaris_Ryegrass_Clover,0.9384448598623969,-0.44747871081851776,9.9586,14.108,12.0333,36.1,21.992,2.567507620775183,2.7152244048502103,2.394124536134498,3.1351463293366693,3.6136169696133895,6,1.2246467991473532e-16,-1.0,2,9
train/ID828217731.jpg,2015-06-26,Vic,Ryegrass,0.21442266640863764,-0.3987972346446304,0.7978,8.7753,4.7865,14.3596,5.5843,1.7555276183059954,2.279858795937569,0.5865636951571619,1.8846880273427906,2.731740685713769,6,1.2246467991473532e-16,-1.0,2,10
train/ID839432753.jpg,2015-09-04,Tas,Clover,0.7409842616477352,-0.38256683048825635,24.7968,2.7552,2.4108,29.9628,27.2076,1.2269468678857576,1.323141546114622,3.250250453227338,3.33959144518061,3.4327864839086275,9,-1.0,-1.8369701987210297e-16,1,0
train/ID846154859.jpg,2015-09-04,Tas,Clover,-0.24631872942557206,-0.46370911497489176,16.5413,7.8112,0.919,25.2715,17.4603,0.6518042170255629,2.17602363952608,2.8645581005031464,2.9156224802969337,3.2684847014202165,9,-1.0,-1.8369701987210297e-16,1,0
train/ID846984946.jpg,2015-11-09,Tas,Ryegrass_Clover,-2.3525651103819607,-0.6259742113576933,8.4,8.0,0.6,17.0,9.0,0.4700036292457355,2.1972245773362196,2.2407096892759584,2.302585092994046,2.8903717578961645,11,-0.5000000000000004,0.8660254037844384,1,11
train/ID853954911.jpg,2015-06-26,Vic,Ryegrass,1.267545856886832,-0.15538985377519354,0.0,26.0,23.0,49.0,23.0,3.1780538303479458,3.295836866004329,0.0,3.1780538303479458,3.912023005428146,6,1.2246467991473532e-16,-1.0,2,10
train/ID866684633.jpg,2015-07-08,WA,Clover,-0.4437793276402337,-0.6422046155140673,25.4228,0.0,6.4772,31.9,31.9,2.0118583903560396,0.0,3.274227273796603,3.493472657771326,3.493472657771326,7,-0.4999999999999997,-0.8660254037844388,3,0
train/ID871463897.jpg,2015-01-15,NSW,Fescue_CrumbWeed,0.8726246604575096,0.42878786031145494,10.0981,19.3547,59.7472,89.2,69.8453,4.106720990623477,3.013311843452816,2.4067739224956606,4.260498626603879,4.502029427068578,1,0.49999999999999994,0.8660254037844387,0,2
train/ID875119737.jpg,2015-08-14,Vic,Ryegrass_Clover,0.4118832646232993,-0.350115758470743,5.8,5.8,23.2,34.8,29.0,3.186352633162641,1.916922612182061,1.916922612182061,3.4011973816621555,3.5779478934066544,8,-0.8660254037844384,-0.5000000000000004,2,11
train/ID885388135.jpg,2015-07-02,Vic,Ryegrass_Clover,0.2802428658135248,-0.350115758470743,1.4353,4.3059,18.6588,24.4,20.0941,2.97852507521627,1.6688194089491812,0.8900699522310727,3.0489933805277403,3.2347491740244907,7,-0.4999999999999997,-0.8660254037844388,2,11
train/ID896386823.jpg,2015-09-11,Tas,Ryegrass,-0.11467833061579766,-0.38256683048825635,2.0794,19.7543,12.9541,34.7878,15.0335,2.6357733718952647,3.0327534541234242,1.1247347728136814,2.774680283399973,3.5776070532043267,9,-1.0,-1.8369701987210297e-16,1,10
train/ID900012207.jpg,2015-02-24,NSW,Ryegrass,-0.5095995270451209,0.3314249079636802,0.0,28.0478,36.7522,64.8,36.7522,3.6310437521426238,3.3689427489327275,0.0,3.6310437521426238,4.186619838331271,2,0.8660254037844386,0.5000000000000001,0,10
train/ID905397692.jpg,2015-09-30,Vic,Phalaris_Clover,1.201725657481945,0.5261508126592297,30.9177,6.1407,36.2016,73.26,67.1193,3.616351771106853,1.9658108107616494,3.463160714847667,4.22126057975813,4.307572448748934,9,-1.0,-1.8369701987210297e-16,2,7
train/ID908524512.jpg,2015-11-10,Tas,Ryegrass_Clover,0.8068044610526225,-0.43124830666214375,11.3043,4.2957,17.4087,33.0087,28.713,2.912823378954865,1.6668951705045523,2.5099487947807386,3.3915846604790953,3.526616374236797,11,-0.5000000000000004,0.8660254037844384,1,11
train/ID914754166.jpg,2015-10-13,Vic,Phalaris_BarleyGrass_SilverGrass_SpearGrass_Clover_Capeweed,-1.8918237145477508,-0.49616018699240516,5.4849,14.6759,9.3392,29.5,14.8241,2.335942496648042,2.752124501138676,1.869476397449052,2.7615340943750497,3.417726683613366,10,-0.8660254037844386,0.5000000000000001,2,6
train/ID930534670.jpg,2015-06-26,Tas,Ryegrass_Clover,-0.575419726450008,-0.5448416631662925,1.7333,10.5572,20.3265,32.6169,22.0598,3.059950430880556,2.447308619372682,1.0055096704057855,3.1380908417764157,3.5150289167095097,6,1.2246467991473532e-16,-1.0,1,11
train/ID936984905.jpg,2015-07-01,Vic,Phalaris_Clover,0.8726246604575096,-0.2527528061229683,4.2636,4.2636,38.3727,46.9,42.6364,3.6730726827412963,1.6608152032938486,1.6608152032938486,3.775891664436552,3.8691155044168695,7,-0.4999999999999997,-0.8660254037844388,2,7
train/ID94564238.jpg,2015-07-02,Vic,Ryegrass_Clover,0.346063065218412,-0.5448416631662925,3.9923,3.9923,9.3154,17.3,13.3077,2.3336379242492944,1.6078967254152712,1.6078967254152712,2.6607978538859287,2.9069010598473755,7,-0.4999999999999997,-0.8660254037844388,2,11
train/ID950496197.jpg,2015-09-04,Tas,Clover,0.4118832646232993,-0.4799297828360311,17.743,3.2487,2.499,23.4907,20.242,1.252477213385551,1.4466130537918354,2.9308203493768477,3.055980353899348,3.1982934536507286,9,-1.0,-1.8369701987210297e-16,1,0
train/ID95050718.jpg,2015-06-26,Tas,Ryegrass_Clover,-0.048858131210910455,-0.5448416631662925,2.3081,15.0024,21.3496,38.66,23.6576,3.1068084238077005,2.772738710990906,1.1963740064506054,3.205085169398976,3.68034312309165,6,1.2246467991473532e-16,-1.0,1,11
train/ID956512130.jpg,2015-11-09,Tas,Ryegrass_Clover,-3.076587303835719,-0.6422046155140673,0.0,1.9,2.4,4.3,2.4,1.2237754316221157,1.0647107369924282,0.0,1.2237754316221157,1.667706820558076,11,-0.5000000000000004,0.8660254037844384,1,11
train/ID963903358.jpg,2015-06-26,Vic,Mixed,-0.048858131210910455,-0.44747871081851776,0.0,29.9634,13.8293,43.7927,13.8293,2.696604953417468,3.432805861813295,0.0,2.696604953417468,3.8020451797151567,6,1.2246467991473532e-16,-1.0,2,4
train/ID968643034.jpg,2015-11-10,Tas,Ryegrass_Clover,-1.8260035151428635,-0.4799297828360311,1.5,7.6,9.0,18.1,10.5,2.302585092994046,2.151762203259462,0.9162907318741551,2.4423470353692043,2.9496883350525844,11,-0.5000000000000004,0.8660254037844384,1,11
train/ID969218269.jpg,2015-08-18,Vic,Phalaris_Clover,0.6093438628379608,-0.350115758470743,1.4235,13.5235,33.4529,48.4,34.8765,3.539593173887705,2.675768027181486,0.8852127763032936,3.580082485052384,3.899950424193877,8,-0.8660254037844384,-0.5000000000000004,2,7
train/ID972274220.jpg,2015-11-10,Tas,Ryegrass_Clover,-0.6412399258548945,-0.46370911497489176,7.4266,5.7388,7.8767,21.0421,15.3034,2.18342986631403,1.907881867529912,2.1313933691868465,2.79137367501812,3.0929542610524536,11,-0.5000000000000004,0.8660254037844384,1,11
train/ID975115267.jpg,2015-07-08,WA,Clover,0.4777034640281865,-0.44747871081851776,40.03,0.0,0.8,40.83,40.83,0.5877866649021191,0.0,3.714303506454095,3.733613785454107,3.733613785454107,7,-0.4999999999999997,-0.8660254037844388,3,0
train/ID978026131.jpg,2015-09-04,Tas,Clover,1.1359054580770578,-0.43124830666214375,24.6445,4.1948,12.0601,40.8994,36.7046,2.5695617807868114,1.647658125253798,3.244329123673195,3.629782102925748,3.7352715070164932,9,-1.0,-1.8369701987210297e-16,1,0
train/ID980538882.jpg,2015-02-24,NSW,Phalaris,0.21442266640863764,2.0839580502236252,0.0,1.1457,91.6543,92.8,91.6543,4.528875362879441,0.7634658394688983,0.0,4.528875362879441,4.541164856012179,2,0.8660254037844386,0.5000000000000001,0,5
train/ID980878870.jpg,2015-07-08,WA,Clover,0.5435236634330737,-0.5448416631662925,32.3575,0.0,2.0325,34.39,34.39,1.1093873618360681,0.0,3.507282634634439,3.566429294357372,3.566429294357372,7,-0.4999999999999997,-0.8660254037844388,3,0
train/ID983582017.jpg,2015-09-01,WA,Ryegrass,-0.11467833061579766,0.1366990032681307,0.0,0.0,40.94,40.94,40.94,3.7362400254737738,0.0,0.0,3.7362400254737738,3.7362400254737738,9,-1.0,-1.8369701987210297e-16,3,10
